item,patent_id,title,abstract,label,confidence,rationale,insufficient_info
1,US11144812B2,Mixed machine learning architecture,"A preprocessing module of a neural network has a first input and second input. The module generates multiple, different first latent vector representations of its first input, and multiple, different second latent vector representations of its second input. The module then models pairwise interactions between every unique pairwise combination of the first and second latent vector representations. The module then produces an intermediate output by combining the results of the modeled pairwise interactions.",,,,
2,US10185753B1, Mining procedure dialogs from source content," An embodiment of the invention may include a method, computer program product and computer system for human-machine communication. The method, computer program product and computer system may include a computing device that maps linguistic data of source content to a vector. The computing device &hellip;",,,,
3,US10529337B2,Symbol sequence estimation in speech,"Symbol sequences are estimated using a computer-implemented method including detecting one or more candidates of a target symbol sequence from a speech-to-text data, extracting a related portion of each candidate from the speech-to-text data, detecting repetition of at least a partial sequence of each candidate within the related portion of the corresponding candidate, labeling the detected repetition with a repetition indication, and estimating whether each candidate is the target symbol sequence, using the corresponding related portion including the repetition indication of each of the candidates.",,,,
4,US11636140B2,***WITHDRAWN PATENT AS PER THE LATEST USPTO WITHDRAWN LIST***Resolving entities from multiple data sources for assistant systems,"In one embodiment, a method includes receiving a request to access a first record in a plurality of records, where the first record describes a first set of attributes of a first entity, determining the first record is linked to a globally unique entity identifier, identifying one or more second records linked to the unique entity identifier, where the one or more second records describe one or more second sets of attributes of the first entity, generating a fused record comprising descriptions of attributes of the first entity from the first set and second sets of attributes, where the fused record is generated by deduping the plurality of records to associated the first record and the one or more second record with the unique entity identifier and compiling the first set and one or more second sets of attributes, and sending, in response responsive to the request to access the first record, instructions for presenting the fused record.",,,,
5,US11507828B2,Unsupervised hypernym induction machine learning,"Training a machine learning model such as a neural network, which can automatically extract a hypernym from unstructured data, is disclosed. A preliminary candidate list of hyponym-hypernym pairs can be parsed from the corpus. A preliminary super-term—sub-term glossary can be generated from the corpus, the preliminary super-term—sub-term glossary containing one or more super-term—sub-term pairs. A super-term—sub-term pair can be filtered from the preliminary super-term—sub-term glossary, responsive to detecting that the super-term—sub-term pair is not a candidate for hyponym-hypernym pair, to generate a final super-term—sub-term glossary. The preliminary candidate list of hyponym-hypernym pairs and the final super-term—sub-term glossary can be combined to generate a final list of hyponym-hypernym pairs. An artificial neural network can be trained using the final list of hyponym-hypernym pairs as a training data set, the artificial neural network trained to identify a hypernym given new text data.",,,,
6,US10169454B2, Unsupervised ontology-based graph extraction from texts, A method for extracting a relations graph uses an ontology graph in which nodes represent entity classes or concepts and edges represent properties of the classes. A property is associated with a constraint which defines a range of values that can be taken without incurring a cost. Input text in &hellip;,,,,
7,US10741176B2,Customizing responses to users in automated dialogue systems,"Mechanisms are provided for customizing responses to future questions based on identified anomalies in user profile information. An automated dialogue system monitors information associated with a plurality of entities, where the information includes quantities for variable values associated with the entities. The automated dialogue system, in response to determining that a quantity of a variable value associated with an entity in the plurality of entities has changed by an amount equal to or exceeding a corresponding threshold value, generates response information associated with a quantity of the variable value and an entity to respond to at least one future question. In addition, the automated dialogue system stores the responsive information in association with the entity for later retrieval in response to initiation of a dialogue session with the automated dialogue system. Time thresholds may be established for determining when to stop using the responsive information for responding to questions.",,,,
8,US11080300B2,Using relation suggestions to build a relational database,"Aspects of the invention include a system, a computer program product and a computer-implemented method for building a relational database between a first term and a second term. An embedding management system is used to determine a first term set based on the first term and a second term set based on the second term. An entity linking engine and a knowledge base engine are used to determine a relation match for the first term set when a relation of the first term set relates to a term from a second term set and for determining a relation match for the second term set when a relation of the second term set relates to a term from a first term set. A relation ranking engine selects a relation for the relational database having a selected number of matches.",,,,
9,US11170789B2,Attentive adversarial domain-invariant training,"To generate substantially domain-invariant and speaker-discriminative features, embodiments are associated with a feature extractor to receive speech frames and extract features from the speech frames based on a first set of parameters of the feature extractor, a senone classifier to identify a senone based on the received features and on a second set of parameters of the senone classifier, an attention network capable of determining a relative importance of features extracted by the feature extractor to domain classification, based on a third set of parameters of the attention network, a domain classifier capable of classifying a domain based on the features and the relative importances, and on a fourth set of parameters of the domain classifier; and a training platform to train the first set of parameters of the feature extractor and the second set of parameters of the senone classifier to minimize the senone classification loss, train the first set of parameters of the feature extractor to maximize the domain classification loss, and train the third set of parameters of the attention network and the fourth set of parameters of the domain classifier to minimize the domain classification loss.",,,,
10,US10503765B2,Visual interactive search,"Roughly described, a system for user identification of a desired document. A database is provided which identifies a catalog of documents in an embedding space, the database identifying a distance in the embedding space between each pair of documents corresponding to a predetermined measure of dissimilarity between the pair of documents. The system presents an initial collection of the documents toward the user, from an initial candidate space which is part of the embedding space. The system then iteratively refines the candidate space using geometric constraints on the embedding space determined in response to relative feedback by the user. At each iteration the system identifies to the user a subset of documents from the then-current candidate space, based on which the user provides the relative feedback. In an embodiment, these subsets of documents are more discriminative than the average discriminativeness of similar sets of documents in the then-current candidate space.",,,,
11,US10860588B2,Method and computer device for determining an intent associated with a query for generating an intent-specific response,A user is associated with the current and preceding query that is associated with a preceding intent. The method comprises: receiving the current query and preceding intent; determining a respective intent-association parameter for each one of the plurality of potential intents based on the current query; determining a respective intent-transition parameter for each one of the plurality of potential intents; determining a respective adjusted intent-association parameter for each one of the plurality of potential intents as a multiplication of the respective intent-association parameter and the respective intent-transition parameter; and selecting one of the plurality of potential intents as the current intent based on the adjusted intent-association parameters.,,,,
12,US11382514B1,Relative activation scores for brain parcels,"Methods, systems, and apparatus, including computer programs encoded on a computer storage medium, for generating explainability data that explains a medical condition in a subject. In one aspect, a method comprises: obtaining data identifying a plurality of brain parcels that are predicted to be relevant to the medical condition; receiving fMRI data for a brain of a subject; processing the fMRI data for the brain of the subject to determine a respective activation score for each of the plurality of brain parcels that are predicted to be relevant to the medical condition; determining, for each of the plurality of brain parcels that are predicted to be relevant to the medical condition, a relative activation score for the brain parcel; and taking an action based on the relative activation scores.",,,,
13,US11113479B2,Utilizing a gated self-attention memory network model for predicting a candidate answer match to a query,"The present disclosure relates to systems, methods, and non-transitory computer-readable media that can determine an answer to a query based on matching probabilities for combinations of respective candidate answers. For example, the disclosed systems can utilize a gated-self attention mechanism (GSAM) to interpret inputs that include contextual information, a query, and candidate answers. The disclosed systems can also utilize a memory network in tandem with the GSAM to form a gated self-attention memory network (GSAMN) to refine outputs or predictions over multiple reasoning hops. Further, the disclosed systems can utilize transfer learning of the GSAM/GSAMN from an initial training dataset to a target training dataset.",,,,
14,US11010559B2,Multi-aspect sentiment analysis by collaborative attention allocation,"A computer-implemented method is presented for implementing multi-aspect sentiment analysis by collaborative attention allocation. The method includes extracting a sequence of word vectors from a sentence received from a data stream, feeding the sequence of word vectors to long short-term memory (LSTM) neural networks to generate a sequence of hidden states corresponding to the sequence of word vectors, generating a plurality of aspect embedding vectors for each aspect, employing an attention mechanism to determine attention weight vectors concurrently for all aspects, and outputting predicted sentiments for each aspect of the sentence to a user interface of a computing device.",,,,
15,US10181098B2,Generating representations of input sequences using neural networks,"Methods, systems, and apparatus, including computer programs encoded on computer storage media, for generating representations of input sequences. One of the methods includes obtaining an input sequence, the input sequence comprising a plurality of inputs arranged according to an input order; processing the input sequence using a first long short term memory (LSTM) neural network to convert the input sequence into an alternative representation for the input sequence; and processing the alternative representation for the input sequence using a second LSTM neural network to generate a target sequence for the input sequence, the target sequence comprising a plurality of outputs arranged according to an output order.",,,,
16,US11157698B2,"Method of training a descriptive text generating model, and method and apparatus for generating descriptive text","The present disclosure provides a method of training a descriptive text generating model, and a method and apparatus for generating a descriptive text, wherein the method of training a descriptive text generating model comprises: obtaining training data, the training data comprising: a notional word, a first descriptive text and a second descriptive text of the notional word, wherein the second descriptive text is a concise expression of the first descriptive text; regarding the notional word and the first descriptive text of the notional word as input of a seq2seq model, regarding the second descriptive text of the notional word as output of the seq2sequ model, and training the seq2seq model to obtain a descriptive text generating model. The descriptive text generating model according to the present disclosure can implement generation of a concise descriptive text with respect to the notional word in a deep understanding manner.",,,,
17,US11087166B2,"Training method of image-text matching model, bi-directional search method, and relevant apparatus","This application relates to the field of artificial intelligence technologies, and in particular, to a training method of an image-text matching model, a bi-directional search method, and a relevant apparatus. The training method includes extracting a global feature and a local feature of an image sample; extracting a global feature and a local feature of a text sample; training a matching model according to the extracted global feature and local feature of the image sample and the extracted global feature and local feature of the text sample, to determine model parameters of the matching model; and determining, by the matching model, according to a global feature and a local feature of an inputted image and a global feature and a local feature of an inputted text, a matching degree between the image and the text.",,,,
18,US11620838B2,Systems and methods for answering region specific questions,Systems and methods for answering region specific questions are provided. A method includes obtaining a regional scene question including an attribute query and a spatial region of interest for a training scene depicting a surrounding environment of a vehicle. The method includes obtaining a universal embedding for the training scene and an attribute embedding for the attribute query of the scene question. The universal embedding can identify sensory data corresponding to the training scene that can be used to answer questions concerning a number of different attributes in the training scene. The attribute embedding can identify aspects of an attribute that can be used to answer questions specific to the attribute. The method includes determining an answer embedding based on the universal embedding and the attribute embedding and determining a regional scene answer to the regional scene question based on the spatial region of interest and the answer embedding.,,,,
19,US10970291B2,Detecting topical similarities in knowledge databases,"Provided are systems, methods, and devices for providing topical similarities in a knowledge database. A knowledge database containing a number of articles is accessed, and clickstream data for the knowledge database is obtained including aggregated counts of user clicks on links within articles in the knowledge database. The clickstream data is sorted by source article, with each source article corresponding to a number of target articles that the source article links to. A directed article graph is constructed based on the sorted clickstream data. An input search term is received from an input device, and then an unbounded graph search is performed on the directed graph based on the input search term. Finally, a ranking heuristic for a predefined number of articles in the knowledge database is provided corresponding to topical similarity of the articles to the input search term.",,,,
20,US10242106B2,Enhance search assist system's freshness by extracting phrases from news articles,"In one embodiment, a portion of a search query may be obtained from a client device. A set of suggested search queries may be obtained or generated from a plurality of phrases stored in memory, where the portion of the search query matches a portion of each suggested search query in the set of suggested search queries. The set of suggested search queries may be provided to the client device. The plurality of phrases may include phrases extracted from documents published via a network.",,,,
21,US10210317B2,Multiple-point cognitive identity challenge system,"A mechanism is provided for verifying an identity of a user using dynamically generated questions based on transactions conducted by the user. Responsive to receiving a request to verify the identity of the user, one or more transaction based sources associated with the user are scanned for a set of transactions conducted by the user within a first predetermined time frame of a current time. A subset of transactions from the set of transactions are randomly selected as the basis for forming a set of questions to be used to verify the identity of the user. The set of questions are generated such that the user is required to identify one or more details about the subset of transactions in order to verify the user's identity. Responsive to the user correctly answering the one or more details about the subset of transactions, the user is authenticated.",,,,
22,US10381016B2,Methods and apparatus for altering audio output signals,"Methods, systems and computer readable media for altering an audio output are provided. In some embodiments, the system may change the original frequency content of an audio data file to a second frequency content so that a recorded audio track will sound as if a different person had recorded it when it is played back. In other embodiments, the system may receive an audio data file and a voice signature, and it may apply the voice signature to the audio data file to alter the audio output of the audio data file. In that instance, the audio data file may be a textual representation of a recorded audio data file.",,,,
23,US10380483B2,"Method and apparatus for training language model, and method and apparatus for recognizing language","A method and apparatus for training a language model, include generating a first training feature vector sequence and a second training feature vector sequence from training data. The method is configured to perform forward estimation of a neural network based on the first training feature vector sequence, and perform backward estimation of the neural network based on the second training feature vector sequence. The method is further configured to train a language model based on a result of the forward estimation and a result of the backward estimation.",,,,
24,US10824921B2,Position calibration for intelligent assistant computing device,"A first intelligent assistant computing device configured to receive and respond to natural language inputs provided by human users syncs to a reference clock of a wireless computer network. The first intelligent assistant computing device receives a communication sent by a second intelligent assistant computing device indicating a signal emission time at which the second intelligent assistant computing device emitted a position calibration signal. The first intelligent assistant computing device records a signal detection time at which the position calibration signal was detected. Based on a difference between 1) the signal emission time and the signal detection time, and 2) a known propagation speed of the position calibration signal, a distance between the first and second intelligent assistant computing devices is calculated.",,,,
25,US10713519B2,Automated workflows for identification of reading order from text segments using probabilistic language models,"The present invention is directed towards providing automated workflows for the identification of a reading order from text segments extracted from a document. Ordering the text segments is based on trained natural language models. In some embodiments, the workflows are enabled to perform a method for identifying a sequence associated with a portable document. The methods includes iteratively generating a probabilistic language model, receiving the portable document, and selectively extracting features (such as but not limited to text segments) from the document. The method may generate pairs of features (or feature pair from the extracted features). The method may further generate a score for each of the pairs based on the probabilistic language model and determine an order to features based on the scores. The method may provide the extracted features in the determined order.",,,,
26,US11373045B2,Determining context and intent in omnichannel communications using machine learning based artificial intelligence (AI) techniques,"A system for determining context and intent in a conversation using machine learning (ML) based artificial intelligence (AI) in omnichannel data communications is disclosed. The system may comprise a data store to store and manage data within a network, a server to facilitate operations using information from the one or more data stores, and a ML-based AI subsystem to communicate with the server and the data store in the network. The ML-based AI subsystem may comprise a data access interface to receive data associated with a conversation with a user via a communication channel. The ML-based AI subsystem may comprise a processor to provide a proactive, adaptive, and intelligent conversation by applying hierarchical multi-intent data labeling framework, training at least one model with training data, and generating and deploying a production-ready model based on the trained and retained at least one model.",,,,
27,US10846483B2,"Method, device, and apparatus for word vector processing based on clusters","A cluster includes a server cluster and a worker computer cluster. Each worker computer included in the worker computer cluster separately obtains a word and at least one context word of the word that are extracted from a corpus. The worker computer obtains word vectors for the word and the at least one context word. The worker computer calculates a gradient according to the word, the at least one context word, and the word vectors. The worker computer asynchronously updates the gradient to a server included in the server cluster. The server updates the word vectors for the word and the at least one context word of the word according to the gradient.",,,,
28,US10698945B2,Systems and methods to predict hashtags for content items,"Systems, methods, and non-transitory computer readable media configured to acquire data associated with a content item, the data associated with the content item including contextual information. The data associated with the content item can be provided to a model trained by machine learning. A set of hashtags associated with the content item can be determined based on the model.",,,,
29,US11354590B2,Rule determination for black-box machine-learning models,"Rule determination for black-box machine-learning models (BBMLMs) is described. These rules are determined by an interpretation system to describe operation of a BBMLM to associate inputs to the BBMLM with observed outputs of the BBMLM and without knowledge of the logic used in operation by the BBMLM to make these associations. To determine these rules, the interpretation system initially generates a proxy black-box model to imitate the behavior of the BBMLM based solely on data indicative of the inputs and observed outputs—since the logic actually used is not available to the system. The interpretation system generates rules describing the operation of the BBMLM by combining conditions—identified based on output of the proxy black-box model—using a genetic algorithm. These rules are output as if-then statements configured with an if-portion formed as a list of the conditions and a then-portion having an indication of the associated observed output.",,,,
30,US10102454B2, Image classification utilizing semantic relationships in a classification &hellip;," A method includes utilizing two or more classifiers to calculate, for an input image, probability scores for a plurality of classes based on visual information extracted from the input image and semantic relationships in a classification hierarchy, wherein each of the two or more classifiers is &hellip;",,,,
31,US10095780B2, Automatically mining patterns for rule based data standardization systems," Computer program products and systems are provided for mining for sub-patterns within a text data set. The embodiments facilitate finding a set of N frequently occurring sub-patterns within the data set, extracting the N sub-patterns from the data set, and clustering the extracted sub-patterns &hellip;",,,,
32,US11403520B2,Neural network machine translation method and apparatus,"A neural network machine translation method comprises: obtaining a to-be-translated source sentence; converting the source sentence into a vector sequence; determining candidate objects corresponding to the vector sequence according to a prefix tree which is pre-obtained and built based on a target sentence database, and determining a target sentence as a translation result according to the candidate objects.",,,,
33,US11138212B2,Natural language response recommendation clustering for rapid retrieval,"An interaction pace for a live natural language interaction is set. An acceptable response latency range is determined according to the interaction pace. By analyzing a live natural language query, a set of metadata tags corresponding to the query is determined. Using the set of metadata tags, a set of clusters of natural language query-response pairs is selected, a size of the set of clusters selected according to the acceptable response latency range. From the set of clusters, a query-response pairs is selected, wherein the query of the query-response pair has above a threshold relevance score with the first natural language query. From the selected query-response pair, a response recommendation is extracted, the response recommendation being a recommended response to the live natural language query, a latency between receipt of the live natural language query and extraction of the response recommendation being within the acceptable response latency range.",,,,
34,US10534825B2,Named entity-based document recommendations,"In some examples, a facility chooses documents for recommendation to people interested in a distinguished subject. The facility accesses a data resource indicating, for each of a plurality of documents, (1) a subject semantically determined for the document, (2) a number of people who have interacted with the document, and (3) an aggregate level of intensity with which those people have interacted with the document. Based on contents of the data structure, the facility identifies one or more documents (1) for which the distinguished subject has been semantically determined, and (2) with which a relatively large number of people have interacted and/or with which people have interacted with a high aggregate level of intensity. The facility transmits to another computing system data configured to cause the first computing system to present a recommendation for some or all of the identified documents.",,,,
35,US11379724B1,System and method for domain specific neural network pruning,"Methods, systems, and apparatus, including computer programs encoded on computer storage media, for domain-specific pruning of neural networks are described. An exemplary method includes obtaining a first neural network trained based on a first training dataset; obtaining one or more second training datasets respectively from one or more domains; and training, based on the first neural network and the one or more second training datasets, a second neural network comprising the first neural network and one or more branches extended from the first neural network, wherein the second neural network is applicable for inferencing in the one or more domains, and the training comprises: training the one or more branches based respectively on the one or more second training datasets and an output of the first neural network.",,,,
36,US10824960B2,System and method for recommending semantically similar items,"A system and method are described herein for improving content-based (CB) filtering to find other items similar to a particular item. For example, the system and method can operate to (1) collect ground truth from users, experts or non-experts for a subset of items in a library; (2) build similarity model(s) against the collected ground truth and evaluate this/these similarity model(s) for generalizability to all items in the library, and (3) build recommendations for users based on knowledge elicited from the users themselves, combined with the similarity scores in the built similarity model(s).",,,,
37,US10445379B2,Method of generating a training object for training a machine learning algorithm,"There is disclosed a computer implemented method of generating a training object for training a machine learning algorithm (MLA). The method comprises: acquiring a digital training document to be used in the training; transmitting the digital training document to a plurality of assessors, transmitting further including indicating a range of possible labels for the assessors to assess from, the range of possible labels including at least a first possible label and a second possible label; obtaining from each of the plurality of assessors a selected label to form a pool of selected labels; generating a consensus label distribution based on the pool of selected labels, the consensus label distribution representing a range of perceived labels for the digital training document and an associated probability score for each of the perceived labels; and training the machine learning algorithm using the digital training document and the consensus label distribution.",,,,
38,US11579589B2,Selectively activating a resource by detecting emotions through context analysis,"A method selectively activates a resource to accommodate an advanced emotion. A supervisor computer receives a first piece of content, and then applies an emotion classifier to the first piece of content in order to create a first concept/emotion/sentiment/time tuple. The supervisor computer creates a second concept/emotion/sentiment/time tuple for a second piece of content, and compares the first and second tuples. If the concept in the first piece of content matches the concept in the second piece of content but that at least one of the emotion, sentiment, and time of the first piece of content does not match the emotion, sentiment, and time of the second piece of content, the supervisor computer determines that the emotion of the second piece of content is an advanced emotion that is not expressed by the first or second pieces of content, and activates a resource that accommodates the advanced emotion.",,,,
39,US11194692B2,Log-based system maintenance and management,"Methods and systems for system maintenance include identifying patterns in heterogeneous logs. Predictive features are extracted from a set of input logs based on the identified patterns. It is determined that the predictive features indicate a future system failure using a first model. A second model is trained, based on a target sample from the predictive features and based on weights associated with a distance between the target sample and a set of samples from the predictive features, to identify one or more parameters of the second model associated with the future system failure. A system maintenance action is performed in accordance with the identified one or more parameters.",,,,
40,US10255352B1,Social media mining system for early detection of civil unrest events,"Described is a system for early detection of events via social media mining. The system receives, as input, social media blog posts comprising textual data. The system processes the social media blog posts through a cascade of filters. The cascade of filters comprises an event term detection filter, a location term detection filter following the event term detection filter, and a future date detection filter following the location term detection filter. A plurality of candidate social media blog posts describing an event of interest on a future date is output to a user for further analysis.",,,,
41,US11094335B1,Systems and methods for automatic detection of plagiarized spoken responses,"Systems and methods are provided for automatic detection of plagiarized spoken responses during standardized testing of language proficiency. A first spoken response to a speaking task that elicits spontaneous speech and a second spoken response to a source-based speaking task that is assumed to be non-plagiarized are digitally recorded. A first and second sets of speaking proficiency features are calculated for the first and the second spoken response, respectively. The first spoken response is classifying as plagiarized or non-plagiarized based on the comparison between the first and the second set of speaking proficiency features. Corresponding apparatuses, systems, and methods are also disclosed.",,,,
42,US11100145B2,Dialog-based image retrieval with contextual information,"A method includes: receiving initial input from a client at least partially specifying one or more characteristics sought by the client; selecting a set of images from an image database for output to the client; and determining after each set of images whether an end condition has occurred. The method also includes, until the end condition has occurred: responsive to each set of images output to the client, receiving additional input from the client further specifying the one or more characteristics sought by the client; and responsive to each input received from the client, selecting another set of images for presentation to the client, said set of images being determined to at least partially satisfy the one or more characteristics specified by all input received from the client, said determination being based at least in part on side information for respective images for at least the set of images.",,,,
43,US11403557B2,"System and method for scalable, interactive, collaborative topic identification and tracking","A topic tracking platform is disclosed that includes a machine-learning model that may be trained to expose topics in a corpus in response to a training table. Because topics are exposed, rather than searched for using existing taxonomies, the sensitivity of a topic tracking platform may be increased, and emerging topic trends may be more quickly flagged. Exposed topics may be automatically labelled, increasing the specificity of the topic tracking platform by overcoming the potential for topic labelling inconsistencies currently experienced in the art. Documents may be scored for each topic using information provided at a token granularity, and the contribution that each token of each document contributes to the topic may be visually represented. In some aspects, mechanisms are provided for reviewing topics of the corpus at varying granularities, including at a topic level, document level or token level granularity.",,,,
44,US11567630B2,Calibration of a machine learning confidence score,"A unique user interface for improving machine learning algorithms is described herein. The user interface comprises an icon with multiple visual indicators displaying the machine learning confidence score. When a mouse hovers over the icon, a set of icons are displayed to accept the teaching user's input. In addition, the words that drove the machine learning confidence score are highlighted with formatting so that the teaching user can understand what drove the machine learning confidence score.",,,,
45,US10019438B2, External word embedding neural network language models, A mechanism is provided in a data processing system for external word embedding neural network language models. The mechanism configures the data processing system with an external word embedding neural network language model that accepts as input a sequence of words and predicts a current word &hellip;,,,,
46,US10079014B2, Name recognition system," A speech recognition system uses, in one embodiment, an extended phonetic dictionary that is obtained by processing words in a user&#39;s set of databases, such as a user&#39;s contacts database, with a set of pronunciation guessers. The speech recognition system can use a conventional phonetic dictionary &hellip;",,,,
47,US10706310B2,Video camera device and system using recursive neural networks for future event prediction,"A camera device and camera system for video-based workplace safety is provided. The camera device includes at least one imaging sensor configured to capture one or more video sequences in a workplace environment having a plurality of machines therein. The video camera further includes a processor. The processor is configured to generate a plurality of embedding vectors based on a plurality of observations. The observations include (i) a subject, (ii) an action taken by the subject, and (iii) an object on which the subject is taking the action on. The subject and object are constant. The processor is further configured to generate predictions of one or more future events based on one or more comparisons of at least some of the plurality of embedding vectors. The processor is configured to generate a signal for initiating an action to the at least one of the plurality of machines to mitigate harm.",,,,
48,US10922609B2,Semi-supervised learning via deep label propagation,"In one embodiment, a system may access a graph data structure that includes nodes and connections between the nodes. Each node may be associated with a user; each connection between two nodes may represent a relationship between the associated users; and each node may be either labeled or unlabeled with respect to a label type. For each labeled node, a label of the label type of that labeled node may be propagated to other nodes through the connections. For each node, the system may store a label distribution information associated with the label type based on the propagated labels reaching the node. The system may train a machine-learning model using the labels and the label distribution information of a set of the labeled nodes. A predicted label for each unlabeled node may be generated using the model and the label distribution information of the unlabeled node.",,,,
49,US11316807B2,Microservice deployment in multi-tenant environments,"A method includes providing a server executing computer code embodying the chat-bot, receiving, via the server, a requirement for customization of a main computer code, the main computer code including modules, and determining, by the chat-bot, top-k modules of the main computer code potentially affected given the requirement for customization. The determination of the top-k modules includes representing each of the modules of the main computer code in an embedding vector space, representing the requirement for customization as a vector in the embedding space, and fetching the top-k modules nearest the requirement for customization in the embedding space. The method further includes determining a question, communicating the question to an entity providing the requirement for customization, receiving a response to the question, and filtering the top-k modules using the response to determine a set of the modules associated with the requirement for customization.",,,,
50,US10216715B2,Method and system for suggesting revisions to an electronic document,"Disclosed is a method for suggesting revisions to a document-under-analysis (“DUA”) from a seed database, the seed database including a plurality of original texts each respectively associated with one of a plurality of final texts. The method includes tokenizing the DUA into a plurality of statements-under-analysis (“SUAs”), selecting a first SUA of the plurality of SUAs, generating a first similarity score for each of the plurality of the original texts, the similarity score representing a degree of similarity between the first SUA and each of the original texts, selecting a first candidate original text of the plurality of the original texts, and creating an edited SUA (“ESUA”) by modifying a copy of the first SUA consistent with a first candidate final text associated with the first candidate original text.",,,,
51,US11263400B2,Identifying entity attribute relations,"Methods, systems, and apparatus, including computer programs encoded on a computer storage medium, that facilitate identifying entity-attribute relationships in text corpora. Methods include determining whether an attribute in a candidate entity-attribute pair is an actual attribute of the entity in the entity-attribute candidate pair. This includes generating embeddings for words in the set of sentences that include the entity and the attribute and generating, using known entity-attribute pairs. This also includes generating an attribute distributional embedding for the entity based on other attributes associated with the entity from the known entity-attribute pairs, and generating an attribute distributional embedding for the attribute based on known attributes associated with known entities of the attribute in the known entity-attribute pairs. Based on these embeddings, a feedforward network determines whether the attribute in the entity-attribute candidate pair is an actual attribute of the entity in the entity-attribute candidate pair.",,,,
52,US10140320B2," Systems, methods, and media for generating analytical data"," Systems, methods, and media for generating analytical data from actions performed on one or more publishing servers. Methods may include capturing one or more audit trails by determining actions performed on the one or more publishing servers via one or more client devices, the one or more &hellip;",,,,
53,US11017764B1,Predicting follow-on requests to a natural language request received by a natural language processing system,"In various embodiments, a natural language (NL) application receives a partial NL request associated with a first context, and determining that the partial NL request corresponds to at least a portion of a first next NL request prediction included in one or more next NL request predictions generated based on a first natural language (NL) request, the first context associated with the first NL request, and a first sequence prediction model, where the first sequence prediction model is generated via a machine learning algorithm applied to a first data dependency model and a first request prediction model. In response to determining that the partial NL request corresponds to at least the portion of the first next NL request prediction, the NL application generates a complete NL request based on the first NL request and the partial NL request, and causes the complete NL request to be applied to a data storage system.",,,,
54,US10102254B2, Confidence ranking of answers based on temporal semantics," A mechanism is provided, in a data processing system comprising a processor and a memory configured to implement a question and answer system (QA), for providing confidence rankings based on temporal semantics. Responsive to receiving an input question, a set of candidate answers is identified &hellip;",,,,
55,US10741185B2,Intelligent automated assistant,"The intelligent automated assistant system engages with the user in an integrated, conversational manner using natural language dialog, and invokes external services when appropriate to obtain information or perform various actions. The system can be implemented using any of a number of different platforms, such as the web, email, smartphone, and the like, or any combination thereof. In one embodiment, the system is based on sets of interrelated domains and tasks, and employs additional functionally powered by external services with which the system can interact.",,,,
56,US11633103B1,Automatic in-home senior care system augmented with internet of things technologies,"The in-home care of seniors is augmented using Internet of Things (IOT) technologies. In-home sensors monitor a senior and their caregiver. Physical conditions and psychological conditions may be monitored. In some implementations, a machine learning system has a classifier trained to detect a specified condition, such as depression. The system may perform various transformations of raw sensor data into a format indicative of a particular condition. In one implementation, a psychological or medical condition has symptoms in which each symptom has one or more measurable events. Mappings between symptoms, events, sensor data, and sensor transformation functions may be supported.",,,,
57,US10628714B2,Entity-tracking computing system,An entity-tracking computing system receives sensor information from a plurality of different sensors. The positions of entities detected by the various sensors are resolved to an environment-relative coordinate system so that entities identified by one sensor can be tracked across the fields of detection of other sensors.,,,,
58,US11545134B1,Multilingual speech translation with adaptive speech synthesis and adaptive physiognomy,"Techniques for the generation of dubbed audio for an audio/video are described. An exemplary approach is to receive a request to generate dubbed speech for an audio/visual file; and in response to the request to: extract speech segments from an audio track of the audio/visual file associated with identified speakers; translate the extracted speech segments into a target language; determine a machine learning model per identified speaker, the trained machine learning models to be used to generate a spoken version of the translated, extracted speech segments based on the identified speaker; generate, per translated, extracted speech segment, a spoken version of the translated, extracted speech segments using a trained machine learning model that corresponds to the identified speaker of the translated, extracted speech segment and prosody information for the extracted speech segments; and replace the extracted speech segments from the audio track of the audio/visual file with the spoken versions spoken version of the translated, extracted speech segments to generate a modified audio track.",,,,
59,US11348664B1,Machine learning driven chemical compound replacement technology,"Techniques to suggest alternative chemical compounds that can be used to recreate or mimic a target flavor using artificial intelligence are disclosed. A neural network based model is trained on source chemical compounds and their corresponding flavors and odors. The neural network-based model learns compound embeddings of the source chemical compounds and a target chemical compound of a food item. From the compound embeddings, one or more chemical compounds that are closest to the target chemical compound may be determined by a distance metric. Each suggested chemical compound is an alternative that can be used to recreate functional features of the target chemical compound.",,,,
60,US10509825B2,Systems and methods for topic guidance in video content using sequence mining,"Example implementations are directed to systems and methods for developing a topic model for a set of video series that include overlapping topics, wherein each video series includes segments directed to one or more of topics, wherein the topic model is based on topic distributions detected from the segments; analyzing auxiliary information, for each video series, to determine sequence information for the segments of the video series; and generating an array for topic transitions using sequence pattern mining on the distributions and the sequence information, wherein a next segment is determined for a selected segment based on an alignment decision using the array and sequence based scoring.",,,,
61,US10748546B2,Digital assistant services based on device capabilities,"Systems and processes for operating an intelligent automated assistant to provide extension of digital assistant services are provided. An example method includes, at an electronic device having one or more processors, receiving, from a first user, a first speech input representing a user request. The method further includes obtaining an identity of the first user; and in accordance with the user identity, providing a representation of the user request to at least one of a second electronic device or a third electronic device. The method further includes receiving, based on a determination of whether the second electronic device or the third electronic device, or both, is to provide the response to the first electronic device, the response to the user request from the second electronic device or the third electronic device. The method further includes providing a representation of the response to the first user.",,,,
62,US10180939B2, Emotional and personality analysis of characters and their interrelationships," One embodiment provides a method, including: utilizing a processor to execute computer code that performs the steps of: receiving, at an information handling device, a dataset comprising dialog information between a plurality of characters in a narrative; analyzing, using the processor, the &hellip;",,,,
63,US11526676B2,Implicit discourse relation classification with contextualized word representation,"A method includes: initializing a list of token embeddings, each of the token embeddings corresponding to a tokenized word from text in a corpus of text; generating a graph for a group of consecutive words s from the text, said graph including binary relations between pairs of tokenized words of the group of consecutive words; selecting the token embeddings representing the words of the group of consecutive words from the list of token embeddings; computing a tensor of binary relations as the product between a matrix of the selected token embeddings and a tensor representing discourse relations, the computed tensor representing the binary relations between the pairs of tokenized words; computing a loss using the computed tensor; optimizing the list of token embeddings using the computed loss. The above may be repeated until the computed loss is within a predetermined range.",,,,
64,US10803207B2,System-level approach to goal-driven design,"A design application is configured to perform a system-level optimization of a collection of system components. The design application iteratively executes a multi-objective solver to optimize structural and functional relationships between the system components in order to meet global design criteria and generate a system design. The design application initializes the design process by extracting from a knowledge base system templates having taxonomic, structural, or functional attributes relevant to the system design. The design application generates the knowledge base by mining taxonomic, structural, and functional relationships from a corpus of engineering texts.",,,,
65,US10192148B1,Machine learning of written Latin-alphabet based languages via super-character,"A string of Latin-alphabet based language texts is received and formed a multi-layer 2-D symbol in a computing system. The received string contains at least one word with each word containing at least one letter of the Latin-alphabet based language. 2-D symbol comprises a matrix of N×N pixels of data representing a super-character. The matrix is divided into M×M sub-matrices. Each sub-matrix represents one ideogram formed from the at least one letter contained in a corresponding word in the received string. Ideogram has a square format with a dimension EL letters by EL letters (i.e., row and column). EL is determined from the total number of letters (LL) contained in the corresponding word. EL, LL, N and M are positive integers. Super-character represents a meaning formed from a specific combination of at least one ideogram. Meaning of the super-character is learned with image classification of the 2-D symbol.",,,,
66,US11556713B2,System and method for performing a meaning search using a natural language understanding (NLU) framework,"The present disclosure is directed to an agent automation framework that is capable of extracting meaning from user utterances and suitably responding using a search-based natural language understanding (NLU) framework. The NLU framework includes a meaning extraction subsystem capable of detecting multiple alternative meaning representations for a given natural language utterance. Furthermore, the NLU framework includes a meaning search subsystem that enables elastic confidence thresholds (e.g., elastic beam-width meaning searches), forced diversity, and cognitive construction grammar (CCG)-based predictive scoring functions to provide an efficient and effective meaning search. As such, the disclosed meaning extraction subsystem and meaning search subsystem improve the performance, the domain specificity, the inference quality, and/or the efficiency of the NLU framework.",,,,
67,US10191983B2, System and methods for unit of measurement conversion and search query &hellip;," A system and methods for unit of measurement conversion and search query expansion are described. The search query expansion may include identifying an initial unit of measurement associated with a property and an initial numeric value for the initial unit of measurement within a search query, &hellip;",,,,
68,US10997221B2,Intelligent question answering using machine reading comprehension,Representative embodiments disclose mechanisms to provide direct answers to a query submitted by a user. The mechanisms are tailored so that the answers presented have a high confidence of being correct. A plurality of document segments that are relevant to the query are selected. The selected segments are submitted to a trained machine reading comprehension model along with the query. The result is an extracted answer for one or more of the submitted segments. A subset of the extracted answers are clustered and an answer for each cluster having at least a threshold number of answers are selected as direct answers. The direct answers are presented in a format suitable to the number of selected direct answers.,,,,
69,US11521058B2,Neural map,"A computer-implemented system and method for storing data associated with an agent in a multi-dimensional environment via a memory architecture. The memory architecture is structured so that each unique position in the environment corresponds to a unique position within the memory architecture, thereby allowing the memory architecture to store features located at a particular position in the environment in a memory location specific to that location. As the agent traverses the environment, the agent compares the features at the agent's particular position to a summary of the features stored throughout the memory architecture and writes the features that correspond to the summary to the coordinates in the memory architecture that correspond to the agent's position. The system and method allows agents to learn, using a reinforcement signal, how to behave when acting in an environment that requires storing information over long time steps.",,,,
70,US11615152B2,Graph-based event schema induction for information retrieval,"Systems, devices, computer-implemented methods, and/or computer program products that facilitate event schema induction from unstructured or semi-structured data. In one example, a system can comprise a processor that executes computer executable components stored in memory. The computer executable components can comprise a schema component and a retrieval component. The schema component can derive an event schema for a document corpus using parsing results obtained from the document corpus. The retrieval component can populate a response to a query with a document of the document corpus using events extracted from the query and the document using the event schema.",,,,
71,US10074135B2, Modeling asset transfer flow relationships discovered in unstructured data, Mechanisms are provided for performing an analysis of content based on a flow of property between entities. The mechanisms analyze a corpus of unstructured documents to identify one or more asset transfer flow relationships between entities. The mechanisms generate an asset transfer flow model &hellip;,,,,
72,US10579737B2,Natural language image editing annotation framework,"A framework for annotating image edit requests includes a structure for identifying natural language request as either comments or image edit requests and for identifying the text of a request that maps to an executable action in an image editing program, as well as to identify other entities from the text related to the action. The annotation framework can be used to aid in the creation of artificial intelligence networks that carry out the requested action. An example method includes displaying a test image, displaying a natural language input with selectable text, and providing a plurality of selectable action tag controls and entity tag controls. The method may also include receiving selection of the text, receiving selection of an action tag control for the selected text, generating a labeled pair, and storing the labeled pair with the natural language input as an annotated natural language image edit request.",,,,
73,US11386276B2,Method and system for language and domain acceleration with embedding alignment,"A method, system and a computer program product are provided for aligning embeddings of multiple languages and domains into a shared embedding space by transforming monolingual embeddings into a multilingual embeddings in a first shared embedding space using a cross-lingual learning process, and then transforming the multilingual embeddings into cross-domain, multilingual embeddings in a second shared embedding space using a cross-domain learning process.",,,,
74,US10902952B2,"Mobile supplementation, extraction, and analysis of health records","A system, method, and mobile device application are configured to capture, with a mobile device, a document such as a next generation sequencing (NGS) report that includes NGS medical information about a genetically sequenced patient. At least some of the information is extracted from the document using an entity linking engine, and the extracted information is provided into a structured data repository where it is accessible to provide information regarding the patient specifically as well as collectively as part of a cohort of patients with similar genetic variants, medical histories, or other commonalities. In one aspect, the document is matched to a template model, and the document is processed using one or more masks segregating the template model, and therefore the document, into a series of distinct subregions.",,,,
75,US11600264B2,Extracting content from speech prosody,"A prosodic speech recognition engine configured to identify prosodic features and patterns in a speech continuum for the extraction of linguistic content including para-syntactic content, discourse function, information structure, meaning, and speaker sentiment.",,,,
76,US11474978B2,Systems and methods for a data search engine based on data profiles,"Systems and methods for searching data are disclosed. For example, the system may include one or more memory units storing instructions and one or more processors configured to execute the instructions to perform operations. The operations may include receiving a sample dataset and identifying a data schema of the sample dataset. The operations may include generating a sample data vector that includes statistical metrics of the sample dataset and information based on the data schema of the sample dataset. The operations may include searching a data index comprising a plurality of stored data vectors corresponding to a plurality of reference datasets. The stored data vectors may include statistical metrics of the reference datasets and information based on corresponding data schema. The operations may include generating, based on the search and the sample data vector, one or more similarity metrics of the sample dataset to individual ones of the reference datasets.",,,,
77,US10120864B2, Method and system for identifying user issues in forum posts based on discourse &hellip;," A method for categorizing an issue includes, for each of a plurality of categories of issue, providing at least one discourse pattern for identify text sequences that meet the discourse pattern. At least one of the discourse patterns specifies that an instance of a domain term in a domain term &hellip;",,,,
78,US10169332B2, Data analysis for automated coupling of simulation models," A distributed computer system includes a distributed processor, a distributed memory, and a simulation engine (SE). The SE includes a simulation I/O coupler that links a first variable of a first simulation model I/O data structure to a second variable of a second simulation model I/O data &hellip;",,,,
79,US11321164B2,Anomaly recognition in information technology environments,"A method comprises obtaining a set of log files for a software system. The set of log files applies to an extended window. A periodic pattern in a first set of error-event surges in the set of log files is identified. The error-event surges in the first set is identified as event noise. A second set of log files for the software system is obtained. The second set of log files applies to a shortened window. Timeseries analysis on the second set of log files is performed. A particular error-event surge in a detection period in the second set of log files that is abnormal as compared to the shortened window is detected based on the timeseries analysis. That the particular error-event surge does not fit into the periodic pattern is determined, the particular error-event surge is characterized as an anomaly, based on the determining.",,,,
80,US10592261B1,Automating user input from onscreen content,"Systems and methods are provided for automating user input using onscreen content. For example, a method includes receiving a selection of a first screen capture image representing a screen captured on a mobile device associated with a user, the first image having a first timestamp. The method also includes determining, using a data store of images of previously captured screens of the mobile device, a reference image from the data store that has a timestamp prior to the first timestamp, identifying a plurality of images in the data store that have respective timestamps between the timestamp for the reference image and the first timestamp, and providing the reference image, the plurality of images, and the first image to the mobile device.",,,,
81,US11222054B2,Low-complexity methods for assessing distances between pairs of documents,"Two sets X 2 and X 1 of histograms of words, and a vocabulary V are accessed. Each of the two sets is representable as a sparse matrix, each row of which corresponds to a histogram. Each histogram is representable as a sparse vector, whose dimension is determined by a dimension of the vocabulary. Two phases compute distances between pairs of histograms. The first phase includes computations performed for each histogram and for each word in the vocabulary to obtain a dense, floating-point vector y. The second phase includes computing, for each histogram, a sparse-matrix, dense-vector multiplication between a matrix-representation of the set X 1 of histograms and the vector y. The multiplication is performed to obtain distances between all histograms of the set X 1 and each histogram X 2 [j]. Distances between all pairs of histograms are obtained, based on which distances between documents can subsequently be assessed.",,,,
82,US11551084B2,System and method of robust active learning method using noisy labels and domain adaptation,"A system and method is disclosed for labeling an unlabeled dataset, with a labeling budget constraint and noisy oracles (i.e. noisy labels provided by annotator), using a noisy labeled dataset from another domain or application. The system and method combine active learning with noisy labels and active learning with domain adaptation to enhance classification performance.",,,,
83,US11315132B2,Customer journey prediction and customer segmentation,Embodiments for implementing intelligent customer journey prediction and customer segmentation of a processor in a computing environment. A response outcome of a customer journey for a user may be predicted according to an assigned score based on one or more discriminatory sequence patterns identified between one or more groups of customers using one or more machine learning operations.,,,,
84,US10360303B2,Learning document embeddings with convolutional neural network architectures,"A document analysis system trains a document embedding model configured to receive a set of word embeddings for an ordered set of words in a document and generate a document embedding for the document. The document embedding is a representation of the document in a latent space that characterizes the document with respect to properties such as structure, content, and sentiment. The document embedding may represent a prediction of a set of words that follow the last word in the ordered set of words of the document. The document embedding model may be associated with a convolutional neural network (CNN) architecture that includes one or more convolutional layers. The CNN architecture of the document embedding model allows the document analysis system to overcome various difficulties of existing document embedding models, and allows the document analysis system to easily process variable-length documents that include a variable number of words.",,,,
85,US11257493B2,Vision-assisted speech processing,"Systems and methods for processing speech are described. In certain examples, image data is used to generate visual feature tensors and audio data is used to generate audio feature tensors. The visual feature tensors and the audio feature tensors are used by a linguistic model to determine linguistic features that are usable to parse an utterance of a user. The generation of the feature tensors may be jointly configured with the linguistic model. Systems may be provided in a client-server architecture.",,,,
86,US10176799B2, Method and system for training language models to reduce recognition errors," A method and for training a language model to reduce recognition errors, wherein the language model is a recurrent neural network language model (RNNLM) by first acquiring training samples. An automatic speech recognition system (ASR) is applied to the training samples to produce recognized words &hellip;",,,,
87,US11144728B2,Neural relation extraction within and across sentence boundaries,"Provided is a computer-implemented method for inter-sententially determining a semantic relationship between a first entity and a second entity in a natural language document, comprising at least the steps of: generating a first dependency parse tree, DPT, for a first origin sentence of the document which comprises the first entity, wherein each DPT comprises at least a root node; generating a second DPT for a second origin sentence of the document which mentions the second entity; linking the root nodes of the first DPT and the second DPT so as to create a chain of words, COW; determining for each word in the COW a subtree; generating for each word in the COW a subtree embedding vector c w which is based at least on word embedding vectors x w of the words of the subtree; generating a representation vector p w for each word in the COW; and classifying, using a recurrent neural network, the semantic relationship between the first entity and the second entity, based on the input representation vectors pw.",,,,
88,US11487939B2,Systems and methods for unsupervised autoregressive text compression,"Embodiments described herein provide a provide a fully unsupervised model for text compression. Specifically, the unsupervised model is configured to identify an optimal deletion path for each input sequence of texts (e.g., a sentence) and words from the input sequence are gradually deleted along the deletion path. To identify the optimal deletion path, the unsupervised model may adopt a pretrained bidirectional language model (BERT) to score each candidate deletion based on the average perplexity of the resulting sentence and performs a simple greedy look-ahead tree search to select the best deletion for each step.",,,,
89,US11269929B2,Combining semantic relationship information with entities and non-entities for predictive analytics in a cognitive system,"According to embodiments of the present invention, methods, systems and computer readable media are provided, in a cognitive data processing system, for implementing a predictive analytics system that utilizes entity and non-entity information. A collection of content is processed to extract defined entities pertaining to one or more domains. Semantic relationships are determined between objects within the collection of content, wherein the objects include undefined entities. The defined entities and objects are resolved based on entity definitions and the semantic relationships to determine defined entities and undefined entities for a resulting data set. The resulting data set is processed to identify one or more relationships between a defined entity and an undefined entity.",,,,
90,US11069347B2,Intelligent automated assistant for media exploration,"Systems and processes for operating an intelligent automated assistant to explore media items are provided. In one example process, a speech input representing a request for one or more media items is received from a user. The process determines whether the speech input corresponds to a user intent of obtaining personalized recommendations for media items. In response to determining that the speech input corresponds to a user intent of obtaining personalized recommendations for media items, at least one media item is obtained from a user-specific corpus of media items. The user-specific corpus of media items is generate based on data associated with the user. The at least one media item is provided.",,,,
91,US11017177B2,Neural network systems and methods for target identification from text,"Neural network systems are provided that comprise one or more neural networks. The first neural network can comprise a convolutional neural network (CNN) long short-term memory (LSTM) architecture for receiving a primary data set comprising text messages and output a primary data structure comprising a text pattern-based feature. The second neural network can comprise a CNN architecture for receiving a secondary data sets derived from the primary data set and output a plurality of secondary data structures. The third neural network can combine the data structures to produce a combined data structure, and then process it to produce a categorized data structure comprising the text messages assigned to targets. The primary data set can comprise hate speech and the categorized data structure can comprise target categories, for example, hate targets. Methods of operating neural network systems and computer program products for performing such methods are also provided.",,,,
92,US11380304B1,Generation of alternate representions of utterances,"A system is provided for handling errors during automatic speech recognition by processing a potentially defective utterance to determine an alternative, potentially successful utterance. The system processes an ASR hypothesis, using a probabilistic graph, to determine a likelihood that it will result in an error. Using the probabilistic graph, the system determines an alternate utterance.",,,,
93,US10006148B2, Drug discovery methods," Methods for identifying disease-related pathways that can be used to identify drug discovery targets, to identify new uses for known drugs, to identify markers for drug response, and related purposes.",,,,
94,US11520997B2,Computing device and method for generating machine translation model and machine-translation device,"A device and a method for generating a machine translation model and a machine translation device are disclosed. The device inputs a source training sentence of a source language and a dictionary data to a generator network so that the generator network outputs a target training sentence of a target language according to the source training sentence and the dictionary data. Then, the device inputs the target training sentence and a correct translation of the source training sentence to a discriminator network so as to calculate an error between the target training sentence and the correct translation according to the output of the discriminator network, and trains the generator network and the discriminator network respectively. The trained generator network is the machine translation model.",,,,
95,US10102851B1, Incremental utterance processing and semantic stability determination," Incremental speech recognition results are generated and used to determine a user&#39;s intent from an utterance. Utterance audio data may be partitioned into multiple portions, and incremental speech recognition results may be generated from one or more of the portions. A natural language &hellip;",,,,
96,US10157174B2, Utilizing a dialectical model in a question answering system," A method, system or computer usable program product for utilizing a dialectical model for providing an answer to a user query including receiving, by a system, a natural language query from a user; applying, by the system, natural language processing (NLP) to the query to generate a first set of &hellip;",,,,
97,US10048826B2, Interactive visualizations of a convolutional neural network," Interactive visualizations of a convolutional neural network are provided. For example, a graphical user interface (GUI) can include a matrix having symbols indicating feature-map values that represent likelihoods of particular features being present or absent at various locations in an input to a &hellip;",,,,
98,US11126800B2,Systems and methods for simultaneous translation with integrated anticipation and controllable latency (STACL),Presented herein are embodiments of a prefix-to-prefix framework for simultaneous translation that implicitly learns to anticipates in a single translation. Within these frameworks are effective “wait-k” policy model embodiments that may be trained to generate a target sentence concurrently with a source sentence but lag behind by a predefined number of words. Embodiments of the prefix-to-prefix framework achieve low latency and better quality when compared to full-sentence translation in four directions: Chinese↔English and German↔English. Also presented herein is a novel latency metric that addresses deficiencies of previous latency metrics.,,,,
99,US10943583B1,Creation of language models for speech recognition,"A system to perform automatic speech recognition (ASR) using a dynamic language model. Portions of the language model can include a group of probabilities rather than a single probability. At runtime individual probabilities of the group are weighted and combined to create an adjusted probability for the portion of the language model. The adjusted probability can be used for ASR processing. The weights can be determined based on a characteristic of the utterance, for example an associated speechlet/application, the specific user speaking, or other characteristic. By applying the weights at runtime the system can use a single language model to dynamically adjust to different utterance conditions.",,,,
100,US11533495B2,Hierarchical video encoders,"A computer-implemented method for generating video representations utilizing a hierarchical video encoder includes obtaining a video, wherein the video includes a plurality of frames, processing each of the plurality of frames with a machine-learned frame-level encoder model to respectively generate a plurality of frame representations for the plurality of frames, the plurality of frame representations respective to the plurality of frames determining a plurality of segment representations representative of a plurality of video segments including one or more of the plurality of frames, the plurality of segment representations based at least in part on the plurality of frame representations, processing the plurality of segment representations with a machine-learned segment-level encoder model to generate a plurality of contextualized segment representations, determining a video representation based at least in part on the plurality of contextualized segment representations, and providing the video representation as an output.",,,,
101,US11586934B1,Evolutionary programming techniques utilizing context indications,"Techniques are provided for determining compatibility of first and second candidate code based on functionality. When the first candidate code and the second candidate code are compatible, third candidate code based is determined based on the first candidate code and the second candidate code. The third candidate that was determined based on the first candidate code and the second candidate code is then provided.",,,,
102,US10191975B1,Features for automatic classification of narrative point of view and diegesis,"Methods for classifying a point of view and diegesis are provided. A method can include providing a processor in operable communication with a computer-readable medium, receiving a narrative text, extracting a set of features from the narrative text, transmitting the features into a feature vector, transmitting a plurality of feature vectors to a support vector machine, predicting a point of view and diegesis for the narrative text associate with a particular feature vector, and annotating the narrative text.",,,,
103,US11379345B2,System and method for controlled data extraction in computer networks,"Methods and systems for controlled data extraction in a computer network, with: monitoring data from at least one program running on a node of the computer network, determination of at least one data portion from the monitored data, where the data portions are selected upon identification of at least one of: application and server events, code line execution, file access and data calls, moving of the determined at least one data portion to a data sink, analyzing of the data on the data sink to determine at least one segment for modification, and modifying the at least one segment.",,,,
104,US10956310B2,Automated test case generation for deep neural networks and other model-based artificial intelligence systems,"Methods, systems and computer program products for automated test case generation are provided herein. A computer-implemented method includes selecting sample input data as a test case for a system under test, executing the test case on the system under test to obtain a result, and applying the result to a local explainer function to obtain at least a portion of a corresponding decision tree. The method further includes determining at least one path constraint from the decision tree, solving the path constraint to obtain a solution, and generating at least one other test case for the system under test based at least in part on the solution of the path constraint. The steps of the method are illustratively repeated in each of one or more additional iterations until at least one designated stopping criterion is met. The resulting test cases form a test suite for testing of a deep neural network (DNN) or other system.",,,,
105,US11561986B1,Applied artificial intelligence technology for narrative generation using an invocable analysis service,"Disclosed herein are example embodiments of an improved narrative generation system where an analysis service that executes data analysis logic that supports story generation is segregated from an authoring service that executes authoring logic for story generation through an interface. Accordingly, when the authoring service needs analysis from the analysis service, it can invoke the analysis service through the interface. By exposing the analysis service to the authoring service through the shared interface, the details of the logic underlying the analysis service are shielded from the authoring service (and vice versa where the details of the authoring service are shielded from the analysis service). Through parameterization of operating variables, the analysis service can thus be designed as a generalized data analysis service that can operate in a number of different content verticals with respect to a variety of different story types.",,,,
106,US11501203B2,"Learning data selection method, learning data selection device, and computer-readable recording medium","A non-transitory computer-readable recording medium stores therein a learning data selection program that causes a computer to execute a process including: extracting a first input data group relating to first input data in correspondence with designation of the first input data included in an input data group input to a machine learning model, the machine learning model classifying or determining transformed data that is transformed from input data; acquiring a first transformed data group of the machine learning model and a first output data group of the machine learning model, respectively, the first transformed data group being input to the machine learning model and corresponding to the first input data group, the first output data group corresponding to the first transformed data group; and selecting learning target data of an estimation model from the first input data group.",,,,
107,US10339122B2,Enriching how-to guides by linking actionable phrases,"A computer-implemented linking system and method provide for linking actionable phrases in a first document to other documents in a document corpus. The method includes identifying at least one actionable phrase in a first document. The actionable phrase may include an action, its direct object, and any modifier of the direct object. For each identified action phrase the document corpus is searched to identify other documents, which are scored using a scoring function which takes into account occurrences of words of the actionable phrase in each identified document. The actionable phrase is linked to at least a part of one of the most highly ranked documents in the set of documents.",,,,
108,US11467802B2,Maintaining privacy of personal information,"Systems and processes for operating an intelligent automated assistant to perform intelligent list reading are provided. In accordance with one example, a method includes, at an electronic device having one or more processors, receiving a natural-language input corresponding to a domain; providing the natural-language input to an external device; receiving, from the external device, a process flow corresponding to the domain; determining, with the process flow corresponding to the domain, a task associated with the natural-language input; performing the task; and providing an output indicating whether the task has been performed.",,,,
109,US10691473B2,Intelligent automated assistant in a messaging environment,"Systems and processes for operating an intelligent automated assistant in a messaging environment are provided. In one example process, a graphical user interface (GUI) having a plurality of previous messages between a user of the electronic device and the digital assistant can be displayed on a display. The plurality of previous messages can be presented in a conversational view. User input can be received and in response to receiving the user input, the user input can be displayed as a first message in the GUI. A contextual state of the electronic device corresponding to the displayed user input can be stored. The process can cause an action to be performed in accordance with a user intent derived from the user input. A response based on the action can be displayed as a second message in the GUI.",,,,
110,US10170123B2, Intelligent assistant for home automation," This relates to systems and processes for using a virtual assistant to control electronic devices. In one example process, a user can speak an input in natural language form to a user device to control one or more electronic devices. The user device can transmit the user speech to a server to be &hellip;",,,,
111,US10699717B2,Intelligent assistant for home automation,"This relates to systems and processes for using a virtual assistant to control electronic devices. In one example process, a user can speak an input in natural language form to a user device to control one or more electronic devices. The user device can transmit the user speech to a server to be converted into a textual representation. The server can identify the one or more electronic devices and appropriate commands to be performed by the one or more electronic devices based on the textual representation. The identified one or more devices and commands to be performed can be transmitted back to the user device, which can forward the commands to the appropriate one or more electronic devices for execution. In response to receiving the commands, the one or more electronic devices can perform the commands and transmit their current states to the user device.",,,,
112,US11562745B2,Sequence-to-sequence speech recognition with latency threshold,"A computing system including one or more processors configured to receive an audio input. The one or more processors may generate a text transcription of the audio input at a sequence-to-sequence speech recognition model, which may assign a respective plurality of external-model text tokens to a plurality of frames included in the audio input. Each external-model text token may have an external-model alignment within the audio input. Based on the audio input, the one or more processors may generate a plurality of hidden states. Based on the plurality of hidden states, the one or more processors may generate a plurality of output text tokens. Each output text token may have a corresponding output alignment within the audio input. For each output text token, a latency between the output alignment and the external-model alignment may be below a predetermined latency threshold. The one or more processors may output the text transcription.",,,,
113,US11538554B1,Nick-based data storage in native nucleic acids,"Nick-based methods, devices, and systems for nick-based data storage in a deoxyribonucleic acid (DNA) sequence are disclosed. Digital information is encoded in a register of at least one copy of a double-stranded DNA sequence having a plurality of nickable positions. The data is translated into a sequence of values from a nick alphabet that is subsequently mapped to the plurality of nickable positions, and the DNA sequence is nicked according to the mapped values. Because the digital information is encoded as a series of nicked and non-nicked positions of a double-stranded DNA sequence, the nucleotide sequence of the DNA can be non-synthetic, or “native” DNA.",,,,
114,US10957041B2,Determining biomarkers from histopathology slide images,A generalizable and interpretable deep learning model for predicting biomarker status and biomarker metrics from histopathology slide images is provided.,,,,
115,US11386667B2,Video analysis using a deep fusion reasoning engine (DFRE),"In one embodiment, a video analysis service receives video data captured by one or more cameras at a particular location. The service applies a neural network-based model to portions of the video data, to identify objects within the video data. The service maps outputs of the neural network-based model to symbols using a conceptual space. The outputs of the model comprise the identified objects. The service applies a symbolic reasoning engine to the symbols, to generate an alert. The service sends the alert to a user interface in conjunction with the video data.",,,,
116,US11501172B2,Accurately identifying members of training data in variational autoencoders by reconstruction error,"A system is described that can include a machine learning model and at least one programmable processor communicatively coupled to the machine learning model. The machine learning model can receive data, generate a continuous probability distribution associated with the data, sample a latent variable from the continuous probability distribution to generate a plurality of samples, and generate reconstructed data from the plurality of samples. The at least one programmable processor can compute a reconstruction error by determining a distance between the reconstructed data and the data, and generate, based on the reconstruction error, an indication representing whether a specific record within the received data was used to train the machine learning model. Related apparatuses, methods, techniques, non-transitory computer programmable products, non-transitory machine-readable medium, articles, and other systems are also within the scope of this disclosure.",,,,
117,US10370246B1,Portable and low-error DNA-based data storage,"The present disclosure provides DNA-based storage system demonstrated through experimental and theoretical verification that such a platform can easily be implemented in practice using portable, nanopore-based sequencers. The gist of the approach is to design an integrated pipeline that encodes data to avoid synthesis and sequencing errors, enables random access through addressing, and leverages efficient portable nanopore sequencing via new anchored iterative alignment and insertion/deletion error-correcting codes. The embodiments herein represent the only known random access DNA-based data storage system that uses error-prone portable, nanopore-based sequencers and produces low-error readouts with the highest reported information rate and density.",,,,
118,US11182682B2,System for extracting semantic triples for building a knowledge base,"The present disclosure relates to a computer-implemented method of verifying a semantic triple generated for building a knowledge base including data patterns defining concepts associated with semantic triples derived from unstructured text. The method includes providing the semantic triple to a user interface, the semantic triple including a subject, an object, and a relation. The method also includes receiving, from the user interface, an acceptance or a rejection of the subject, the object, and the relation as relevant or not to the knowledge base. The method also includes transmitting the semantic triple for inclusion as a data pattern in the knowledge base in the event that all of the subject, the object, and the relation, have been accepted.",,,,
119,US10930301B1,Sequence models for audio scene recognition,"A method is provided. Intermediate audio features are generated from an input acoustic sequence. Using a nearest neighbor search, segments of the input acoustic sequence are classified based on the intermediate audio features to generate a final intermediate feature as a classification for the input acoustic sequence. Each segment corresponds to a respective different acoustic window. The generating step includes learning the intermediate audio features from Multi-Frequency Cepstral Component (MFCC) features extracted from the input acoustic sequence. The generating step includes dividing the same scene into the different acoustic windows having varying MFCC features. The generating step includes feeding the MFCC features of each of the different acoustic windows into respective LSTM units such that a hidden state of each respective LSTM unit is passed through an attention layer to identify feature correlations between hidden states at different time steps corresponding to different ones of the different acoustic windows.",,,,
120,US11544310B2,Method for adaptive conversation state management with filtering operators applied dynamically as part of a conversational interface,"A system and method of processing a search request is provided. Identification of a desired content item is based on comparing a topic of the search request to previous user input. The method includes providing access to a set of content items with metadata that describes the corresponding content items and providing information about previous searches. The method further includes receiving a present input from the user and determining a relatedness measure between the information about the previous searches and an element of the present input. If the relatedness measure is high, the method also includes selecting a subset of content items based on comparing the present input and information about the previous searches with the metadata that describes the subset of content items. Otherwise, the method includes selecting a subset of content items based on comparing the present input with the metadata that describes the subset of content items.",,,,
121,US11250311B2,Deep neural network-based decision network,"The technology disclosed proposes using a combination of computationally cheap, less-accurate bag of words (BoW) model and computationally expensive, more-accurate long short-term memory (LSTM) model to perform natural processing tasks such as sentiment analysis. The use of cheap, less-accurate BoW model is referred to herein as “skimming”. The use of expensive, more-accurate LSTM model is referred to herein as “reading”. The technology disclosed presents a probability-based guider (PBG). PBG combines the use of BoW model and the LSTM model. PBG uses a probability thresholding strategy to determine, based on the results of the BoW model, whether to invoke the LSTM model for reliably classifying a sentence as positive or negative. The technology disclosed also presents a deep neural network-based decision network (DDN) that is trained to learn the relationship between the BoW model and the LSTM model and to invoke only one of the two models.",,,,
122,US11343270B1,Systems and methods for post-quantum cryptography optimization,"Systems, apparatuses, methods, and computer program products are disclosed for post-quantum cryptography (PQC). An example method includes receiving data. The example method further includes retrieving policy information associated with the data. The example method further includes generating a set of policy attributes about the data based on the data and the policy information. Subsequently, the example method includes generating a risk profile data structure based on the set of policy attributes. The risk profile data structure may be indicative of a vulnerability of the data in a PQC data environment.",,,,
123,US11354506B2,Coreference-aware representation learning for neural named entity recognition,"Previous neural network models that perform named entity recognition (NER) typically treat the input sentences as a linear sequence of words but ignore rich structural information, such as the coreference relations among non-adjacent words, phrases, or entities. Presented herein are novel approaches to learn coreference-aware word representations for the NER task. In one or more embodiments, a “CNN-BiLSTM-CRF” neural architecture is modified to include a coreference layer component on top of the BiLSTM layer to incorporate coreferential relations. Also, in one or more embodiments, a coreference regularization is added during training to ensure that the coreferential entities share similar representations and consistent predictions within the same coreference cluster. A model embodiment achieved new state-of-the-art performance when tested.",,,,
124,US10789552B2,Question answering system-based generation of distractors using machine learning,"Generating distractors for text-based MCT items. An MCT item stem is received. The stem is transmitted to a QA system and a plurality of candidate answers related to the stem is received from the QA system. Incorrect answers in the plurality of candidate answers are identified. Textual features are extracted from the stem. A set of semantic criteria associated with the extracted textual features is generated. Based on the generated semantic criteria, a subset of the incorrect candidate answers is selected.",,,,
125,US10216839B2,Relation extraction using co-training with distant supervision,"Generating, updating, and using a knowledge graph. Concepts in a knowledge graph can have relations to one another. These relations may be expressed as confidence values. A training data set may be split into two portions, with the first portion used to update confidence values for existing relations between concept pairs, using the knowledge graph. These confidence values can be used, together with the second portion used to update confidence values for known phrases that express known relations. These confidence values, in turn, can be used, together with the first portion, to increase the accuracy of the original confidence scores with respect to existing relations. The process may be iteratively employed, with each iteration increasing the accuracy of confidence scores.",,,,
126,US10074360B2, Providing an indication of the suitability of speech recognition, This relates to providing an indication of the suitability of an acoustic environment for performing speech recognition. One process can include receiving an audio input and determining a speech recognition suitability based on the audio input. The speech recognition suitability can include a &hellip;,,,,
127,US10901834B2,Interactive troubleshooting assistant,"An interactive troubleshooting assistant and method for troubleshooting a system in real time to repair (fix) one or more problems in a system is disclosed. The interactive troubleshooting assistant and method may include receiving multimodal inputs from sensors, wearable devices, a person, etc. that may be input into a feature extractor including attention layers and pre-processing units of a cloud computing system hosted by one or more servers, such as a private cloud system. A pre-processing unit converts the raw multimodal input into a structed form so that an attention layer can give weights to features provided by the pre-processing unit according to their importance. The weighted extracted features may be provided to an actions predictor. The actions predictor generates the most suitable action based on the weighted extracted features generated by the feature extractor based on the multimodal inputs. After the most suitable action is performed, the interactive troubleshooting assistant considers new information from multimodal inputs so that the interactive troubleshooting assistant can provide the next recommended action. The interactive troubleshooting assistant may repeat these operations until the repair is completed.",,,,
128,US11450225B1,Machine grading of short answers with explanations,"An example method embodying the disclosed technology comprises: digitally storing Teacher models and a Student model at a server computer; training each model with a corpus of unlabeled training data using Masked Language Modeling; fine-tuning each Teacher model for an ASAG task with labeled ground truth data; executing each Teacher model to generate and digitally store a respective set of class probabilities on an unlabeled task-specific data set for the ASAG task; further training the Student model by a linear ensemble of the Teacher models using KD; receiving, at the server computer, digital input comprising a target response text and a corresponding target reference answer text; programmatically inputting the target response text and the corresponding target reference answer text to the Student model, thereby outputting a corresponding predicted binary label; displaying correction data indicating the corresponding predicted binary label in a GUI; and, optionally, displaying explainability data in the GUI.",,,,
129,US10089072B2, Intelligent device arbitration and control," This relates to systems and processes for using a virtual assistant to arbitrate among and/or control electronic devices. In one example process, a first electronic device samples an audio input using a microphone. The first electronic device broadcasts a first set of one or more values based on &hellip;",,,,
130,US10467510B2,Intelligent assistant,"Examples are disclosed herein that relate to entity tracking. One examples provides a computing device comprising a logic processor and a storage device holding instructions executable by the logic processor to receive image data of an environment including a person, process the image data using a face detection algorithm to produce a first face detection output at a first frequency, determine an identity of the person based on the first face detection output, and process the image data using another algorithm that uses less computational resources of the computing device than the face detection algorithm. The instructions are further executable to track the person within the environment based on the tracking output, and perform one or more of updating the other algorithm using a second face detection output, and updating the face detection algorithm using the tracking output.",,,,
131,US11521722B2,Capturing detailed structure from patient-doctor conversations for use in clinical documentation,A method and system is provided for assisting a user to assign a label to words or spans of text in a transcript of a conversation between a patient and a medical professional and form groupings of such labelled words or spans of text in the transcript. The transcript is displayed on an interface of a workstation. A tool is provided for highlighting spans of text in the transcript consisting of one or more words. Another tool is provided for assigning a label to the highlighted spans of text. This tool includes a feature enabling searching through a set of predefined labels available for assignment to the highlighted span of text. The predefined labels encode medical entities and attributes of the medical entities. The interface further includes a tool for creating groupings of related highlighted spans of texts. The tools can consist of mouse action or key strokes or a combination thereof.,,,,
132,US10664927B2,Automation of crowd-sourced polling,"Various technologies described herein pertain to automation of crowd-sourced polling. At least one query can be received. The at least one query includes a request. A poll can be automatically generated based upon the at least one query, where the poll corresponds to the request. The poll can be submitted to a crowdsourcing backend, where instances of the poll are administered on the crowdsourcing backend. Moreover, crowd-sourced responses to the instances of the poll can be retrieved from the crowdsourcing backend. The crowd-sourced responses to the instances of the poll can respectively include crowd-sourced responses to the request. The crowd-sourced responses to the request can be converted to a random variable. An operation can be performed upon the random variable. The operation can include one or more of a statistical analysis (e.g., hypothesis testing), bias correction, an arithmetic operation, expected value computation, standard deviation computation, etc.",,,,
133,US11580990B2,User-specific acoustic models,"Systems and processes for providing user-specific acoustic models are provided. In accordance with one example, a method includes, at an electronic device having one or more processors, receiving a plurality of speech inputs, each of the speech inputs associated with a same user of the electronic device; providing each of the plurality of speech inputs to a user-independent acoustic model, the user-independent acoustic model providing a plurality of speech results based on the plurality of speech inputs; initiating a user-specific acoustic model on the electronic device; and adjusting the user-specific acoustic model based on the plurality of speech inputs and the plurality of speech results.",,,,
134,US11392954B2,Hierarchical machine learning model for performing a decision task and an explanation task,"A multi-task hierarchical machine learning model is configured to perform both a decision task to predict a decision result and an explanation task to predict a plurality of semantic concepts for explainability associated with the decision task, wherein a semantic layer of the machine learning model associated with the explanation task is utilized as an input to a subsequent decision layer of the machine learning model associated with the decision task. Training data is received. The multi-task hierarchical machine learning model is trained using the received training data.",,,,
135,US10073840B2, Unsupervised relation detection model training, A relation detection model training solution. The relation detection model training solution mines freely available resources from the World Wide Web to train a relationship detection model for use during linguistic processing. The relation detection model training system searches the web for &hellip;,,,,
136,US11481656B2,"Method and apparatus for evaluating a matching degree of multi-domain information based on artificial intelligence, device and medium","The present disclosure provides a method and apparatus for evaluating a matching degree of multi-domain information based on artificial intelligence, a device and a medium. The method comprises: respectively obtaining valid words in a query, and valid words in each information domain in at least two information domains in a to-be-queried document; respectively obtaining word expressions of valid words in the query and word expressions of valid words in said each information domain in at least two information domains in the to-be-queried document; based on the word expressions, respectively obtaining context-based word expressions of valid words in the query and context-based word expressions of valid words in said each information domain; generating matching features corresponding to said each information domain according to the obtained information; determining a matching degree score between the query and the to-be-queried document according to the matching features corresponding to said each information domain.",,,,
137,US10909157B2,Abstraction of text summarization,"A system is disclosed for providing an abstractive summary of a source textual document. The system includes an encoder, a decoder, and a fusion layer. The encoder is capable of generating an encoding for the source textual document. The decoder is separated into a contextual model and a language model. The contextual model is capable of extracting words from the source textual document using the encoding. The language model is capable of generating vectors paraphrasing the source textual document based on pre-training with a training dataset. The fusion layer is capable of generating the abstractive summary of the source textual document from the extracted words and the generated vectors for paraphrasing. In some embodiments, the system utilizes a novelty metric to encourage the generation of novel phrases for inclusion in the abstractive summary.",,,,
138,US10424302B2,Turn-based reinforcement learning for dialog management,"Techniques are described related to turn-based reinforcement learning for dialog management. In various implementations, dialog states and corresponding responsive actions generated during a multi-turn human-to-computer dialog session may be obtained. A plurality of turn-level training instances may be generated, each including: a given dialog state of the plurality of dialog states at an outset of a given turn of the human-to-computer dialog session; and a given responsive action that was selected based on the given dialog state. One or more of the turn-level training instances may further include a turn-level feedback value that reflects on the given responsive action selected during the given turn. A reward value may be generated based on an outcome of the human-to-computer dialog session. The dialog management policy model may be trained based on turn-level feedback values of the turn-level training instance(s) and the reward value.",,,,
139,US10089580B2, Generating and using a knowledge-enhanced model," Functionality is described herein for generating a model on the basis of user-behavioral data and knowledge data. In one case, the user-behavioral data identifies queries submitted by users, together with selections made by the users in response to the queries. The knowledge data represents &hellip;",,,,
140,US10474962B2,Semantic entity relation detection classifier training,"Semantic entity relation detection classifier training implementations are presented that are generally used to train a semantic entity relation detection classifier to identify relations expressed in a natural language query. In one general implementation, queries are found in a search query click log that exhibit relations and entity types found in a semantic knowledge graph. Explicit relations are inferred from the found queries and an explicit relations data set is generated that includes queries associated with the inferred explicit relations. In addition, implicit relations are inferred from the found queries and an implicit relations data set is generated that includes queries associated with the inferred implicit relations. A semantic entity relation detection classifier is then trained using the explicit and implicit data sets.",,,,
141,US11252149B1,Resource management techniques for dialog-driven applications,"A resource of a dialog-driven management service is allocated for a first set of requests based on determining that a population of capacity indicators in a throttling data structure exceeds a threshold. One or more capacity indicator deduction iterations associated with the resource are conducted during a time interval for which the resource remains allocated for the first set of requests. In a given iteration, a number of capacity indicators is deducted from the throttling data structure based on a resource throttling setting. A second set of requests is rejected based on the population of the throttling data structure.",,,,
142,US10467509B2,Computationally-efficient human-identifying smart assistant computer,"A computationally-efficient method for a smart assistant computer to track a human includes receiving data from one or more sensors configured to monitor a physical environment. The data is computer-analyzed to recognize presence of a human in the physical environment, and upon confirming an identity of the human, a first level of computational resources of the smart assistant computer is dedicated to track the human. Upon failing to confirm the identity of the human while a known user is present, a second level of computational resources of the smart assistant computer, greater than the first level, is dedicated to determine the identity of the human. Upon failing to confirm the identity of the human while the known user is absent, a third level of computational resources of the smart assistant computer, is dedicated to determine the identity of the human.",,,,
143,US11025061B2,Predictive power usage monitoring,"A power usage prediction system implements a long short term memory (LSTM) neural network to receive power usage inputs and generate predicted values of power consumption for a plurality of devices. A user provides configuration input regarding the time steps at which the predicted values are to be generated and the various devices for which the predicted values of power consumption are desired. Whenever a power usage input is received, the LSTM neural network outputs the corresponding hidden state values for a plurality of time steps as the predicted values. The hidden state values are each compared to a final cell state value corresponding to a power consumption threshold of the time interval which includes the time steps. Based on the comparison, a power usage condition is recorded. Various actions to mitigate the high power consumption can be implemented in response to recording the power usage condition.",,,,
144,US10061848B2, Ontology-crowd-relevance deep response generation," Generating responses to input utilizing an ontology-crowd-relevance methodology is described. The techniques described herein access a plurality of data items and determine an ontology associated with the plurality of data items. The ontology includes one or more ontological elements. Furthermore, &hellip;",,,,
145,US11631401B1,Conversation system for detecting a dangerous mental or physical condition,"The present disclosure describes a system to use conversation data of patients to detect dangerous mental or physical conditions, such as suicidal thoughts, physical abuse, recent falls, and viral infection. A machine learning system may be trained to identify a dangerous mental or physical condition from conversations based on examples of patients evaluated to have a specific mental or physical condition. Conversations of patients may be monitored, natural language understanding (NLU) processing performed, and a machine learning system used to detect dangerous mental or physical conditions.",,,,
146,US11568423B2,"Multi-dimensional product information analysis, management, and application systems and methods","Disclosed here are methods of analyzing product-related datasets using a computer system including a product data collection; receiving a product-related data submission; identifying system-identified terms in the submission; generating a query dataset comprising search elements, such as lexical vector(s), semantic vector(s), or both; querying the product data collection and identifying datasets that sufficiently match aspect(s) of the query dataset; comparing the content of the submission and matching datasets to provide an output such as a determination of an error or omission in the submission, identifying a relationship between the submission product and a product associated with an identified dataset; or assessing one or more product status characteristics; and optionally performing additional applications, such as generating a regulatory authority submission based on the determination that the submission product is subject a regulatory requirements based on the comparison of the submission with the identified datasets.",,,,
147,US11195533B2,Systems and methods for incremental natural language understanding,"A system for incremental natural language understanding includes a media module, a memory storing a software code, and a hardware processor communicatively coupled to the media module. The hardware processor is configured to execute the software code to receive an audio stream including a first utterance, and generate a first and second incremental speech recognition outputs based on first and second portions of the first utterance. In addition, the hardware processor is configured to execute the software code to determine, prior to generating the second incremental speech recognition output, a first intent of the first utterance based on the first incremental speech recognition output. The hardware processor is further configured to execute the software code to retrieve a first resource based on the determined first intent, and incorporate the first resource in the media content to be played by the media module.",,,,
148,US10289952B2,Semantic frame identification with distributed word representations,"A computer-implemented technique can include receiving, at a server, labeled training data including a plurality of groups of words, each group of words having a predicate word, each word having generic word embeddings. The technique can include extracting, at the server, the plurality of groups of words in a syntactic context of their predicate words. The technique can include concatenating, at the server, the generic word embeddings to create a high dimensional vector space representing features for each word. The technique can include obtaining, at the server, a model having a learned mapping from the high dimensional vector space to a low dimensional vector space and learned embeddings for each possible semantic frame in the low dimensional vector space. The technique can also include outputting, by the server, the model for storage, the model being configured to identify a specific semantic frame for an input.",,,,
149,US10109275B2, Word hash language model," A language model may be used in a variety of natural language processing tasks, such as speech recognition, machine translation, sentence completion, part-of-speech tagging, parsing, handwriting recognition, or information retrieval. A natural language processing task may use a vocabulary of words &hellip;",,,,
150,US10607463B2,Automated object and activity tracking in a live video feed,"An apparatus is provided for automated object and activity tracking in a live video feed. The apparatus receives and processes a live video feed to identify a plurality of objects and activities therein. The apparatus also generates natural language text that describes a storyline of the live video feed using the plurality of objects and activities so identified. The live video feed is processed using computer vision, natural language processing and machine learning, and a catalog of identifiable objects and activities. The apparatus then outputs the natural language text audibly or visually with a display of the live video feed.",,,,
151,US11288452B2,Dual monolingual cross-entropy-delta filtering of noisy parallel data and use thereof,"Sentence pairs can be filtered using dual monolingual conditional cross-entropy filtering. The filtered sentence pairs can be used to train a model for performing a language processing task, such as machine translation.",,,,
152,US10740571B1,Generating neural network outputs using insertion operations,"Methods, systems, and apparatus, including computer programs encoded on computer storage media, for generating network outputs using insertion operations.",,,,
153,US11017765B2,Intelligent assistant with intent-based information resolution,"A method for use with a computing device is provided. The method may include executing one or more programs of an intelligent digital assistant system at a processor and presenting a user interface to a user. At the processor, the method may include receiving natural language user input from the user, parsing the user input at an intent handler to determine an intent template with slots, populating the slots in the intent template with information from user input, and performing resolution on the intent template to partially resolve unresolved information. If a slot with missing slot information exists in the partially resolved intent template, a loop may be executed at the processor to fill the slots. The method may include, at the processor, determining that all required information is available and resolved and generating a rule based upon the intent template with all required information being available and resolved.",,,,
154,US11586823B2,***WITHDRAWN PATENT AS PER THE LATEST USPTO WITHDRAWN LIST***Semantic representations using structural ontology for assistant systems,"In one embodiment, a method includes receiving a user input comprising a natural-language utterance by an assistant xbot from a client system associated with a user, determining a semantic representation of the user input based on a structural ontology defining a labeling syntax for parsing the natural-language utterance to semantic units comprising actions, objects, and attributes, wherein the semantic representation embeds at least one object within at least one action and declares at least one attribute of the embedded object to be acted upon, sending a request based on the semantic representation to an agent for executing a task corresponding to the user input, receiving results of the executed task mapped to a structure determined by the structural ontology from the agent, and sending from the assistant xbot to the client system instructions for presenting a response based on the results of the executed task.",,,,
155,US10489439B2,System and method for entity extraction from semi-structured text documents,"A method for extracting entities from a text document includes, for at least a section of a text document, providing a first set of entities extracted from the at least a section, clustering at least a subset of the extracted entities in the first set into clusters, based on locations of the entities in the document. Complete ones of the clusters of entities are identified. Patterns for extracting new entities are learned based on the complete clusters. New entities are extracted from incomplete clusters based on the learned patterns.",,,,
156,US11599960B2,System and method for recommending alternative service providers,"An automated system tracks digital service providers (DSP) data management agreements, DSP behavior, and user behavior, individually and in aggregate, to determine recommended alternatives for content/service sites/providers than those used by a user. The alternatives are selected based on their scoring and congruency or compliance with a user's target privacy data treatment parameters.",,,,
157,US11551004B2,Intent discovery with a prototype classifier,"In some applications, it may be desired to process a message to determine an intent of the message, where the intent indicates the meaning of the message. An intent classifier may be used to determine the meaning of a message by processing the message to compute a message embedding vector that represents the message in a vector space. Each possible intent may be represented by a prototype vector, and the intent of the message may be determined by comparing the message embedding to one or more prototype vectors, such as by selecting an intent whose prototype vector is closest to the message embedding. An intent classifier may be used, for example, (i) to implement an automated communications system with states where each state is associated with a subset of the possible intents or (ii) for processing usage data of a communications system to update the intents of the communications system.",,,,
158,US10109023B2, Social media events detection and verification, Systems and techniques for detecting and verifying social media events are disclosed. The system and techniques allow for processing of social media data to extract potentially valuable information in a timely manner and determine the veracity of the detected information. One implementation of the &hellip;,,,,
159,US11284473B2,Method and apparatus for intelligent WiFi connection management,"A method of an electronic device for a connection management is provided. The method comprises: establishing a communication link with an access point (AP); receiving a triggering indication based on link information measured by the electronic device; determining a quality of the communication link between the electronic device and the AP based on the received triggering indication; comparing, based on the determined quality of the communication link, at least two Q values fetched from a Q table that is determined according to context in which in the electronic device is being used; setting a quantized aggressive index (QAI) value based on the compared at least two Q values; and generating a disconnection command based on the QAI value, wherein the disconnection command is a physical disconnection command or a virtual disconnection command of the communication link between the electronic device and the AP.",,,,
160,US11445232B2,Content provisioning system and method,The invention provides a content provisioning system. A mobile device has a mobile device processor. The mobile device mobile device has communication interface connected to the mobile device processor and a first resource device communication interface and under the control of the mobile device processor to receive first content transmitted by the first resource device transmitter The mobile device mobile device has a mobile device output device connected to the mobile device processor and under control of the mobile device processor capable of providing an output that can be sensed by a user.,,,,
161,US10460229B1,Determining word senses using neural networks,"Methods, systems, and apparatus, including computer programs encoded on computer storage media, for disambiguating word sense. One of the methods includes maintaining a respective word sense numeric representation of each of a plurality of word senses of a particular word; receiving a request to determine the word sense of the particular word when included in a particular text sequence, the particular text sequence comprising one or more context words and the particular word; determining a context numeric representation of the context words in the particular text sequence; and selecting a word sense of the plurality of word senses having a word sense numeric representation that is closest to the context numeric representation as the word sense of the particular word when included in the particular text sequence.",,,,
162,US11544475B2,System and method for providing a model-based intelligent conversational agent,"A method of providing a conversational agent for interacting with a user may include declaratively defining a task model of a task using a task modelling language, storing the task model in a computer-readable storage medium, generating a natural language grammar based on the task model, storing the natural language grammar in the computer-readable storage medium, receiving a user input from the user, interpreting the user input with a processor based on the task model and the natural language grammar, generating an agent response to the user input with the processor based on the task model, and communicating the agent response to the user.",,,,
163,US10339935B2,Context-aware enrollment for text independent speaker recognition,"Techniques are provided for training of a text independent (TI) speaker recognition (SR) model. A methodology implementing the techniques according to an embodiment includes measuring context data associated with collected TI speech utterances from a user and identifying the user based on received identity measurements. The method further includes performing a speech quality analysis and a speaker state analysis based on the utterances, and evaluating a training merit value of the utterances, based on the speech quality analysis and the speaker state analysis. If the training merit value exceeds a threshold value, the utterances are stored as training data in a training database. The database is indexed by the user identity and the context data. The method further includes determining whether the stored training data has achieved a sufficiency level for enrollment of a TI SR model, and training the TI SR model for the identified user and context.",,,,
164,US11051739B2,Neural mapping,"An embodiment of the invention may include a method, computer program product and computer system for neural activity interpretation. The method, computer program product and computer system may include a computing device that presents a first user with a stimulus and monitors and maps the neural activity of the first user. The computing device may receive the first user's verbal reaction to the stimulus and map the linguistic data of the first user's verbal reaction to form a high dimensional vector based on the relationships of the mapped neural activity and the mapped verbal reaction of the first user. The computing device may associate the high dimensional vector with the stimulus presented resulting in a thoughts model. The computing device may receive a second user's neural activity and compare that second user's neural activity to the thoughts model to identify the neural activity in the second user.",,,,
165,US10043511B2, Domain terminology expansion by relevancy," Methods, computer program products, and systems are presented. The methods include, for instance: collecting various word data from cross-domain sources and subject websites; assessing relevancy of feature vectors from external domains, live content of subject websites, and secondary terms derived &hellip;",,,,
166,US11625573B2,Relation extraction from text using machine learning,"A first neural network is operated on a processor and a memory to encode a first natural language string into a first sentence encoding including a set of word encodings. Using a word-based attention mechanism with a context vector, a weight value for a word encoding within the first sentence encoding is adjusted to form an adjusted first sentence encoding. Using a sentence-based attention mechanism, a first relationship encoding corresponding to the adjusted first sentence encoding is determined. An absolute difference between the first relationship encoding and a second relationship encoding is computed. Using a multi-layer perceptron, a degree of analogical similarity between the first relationship encoding and a second relationship encoding is determined.",,,,
167,US10199051B2,Voice trigger for a digital assistant,"A method for operating a voice trigger is provided. In some implementations, the method is performed at an electronic device including one or more processors and memory storing instructions for execution by the one or more processors. The method includes receiving a sound input. The sound input may correspond to a spoken word or phrase, or a portion thereof. The method includes determining whether at least a portion of the sound input corresponds to a predetermined type of sound, such as a human voice. The method includes, upon a determination that at least a portion of the sound input corresponds to the predetermined type, determining whether the sound input includes predetermined content, such as a predetermined trigger word or phrase. The method also includes, upon a determination that the sound input includes the predetermined content, initiating a speech-based service, such as a voice-based digital assistant.",,,,
168,US11222262B2,Non-Markovian control with gated end-to-end memory policy networks,"A system and method for predicting a sequence of actions employ a Gated End-to-End Memory Policy Network (GMemN2NP), which includes a sequence of hop(s). Supporting memories of the hops include memory cells generated from observations made at different times. A sequence of actions is predicted, based on input agent-specific variables. For each action, the model, at each hop, outputs an updated controller state which is used as input to the next hop or, for the terminal hop, for computing the respective action. Each hop includes a transform gate mechanism which is used to control the influence of output of the supporting memories on the updated controller state. For the second and subsequent hops, respective actions are predicted, after using any intervening observations to update the supporting memories. The model is learned, on a training set of observations, to optimize the cumulative reward of a sequence of two or more actions.",,,,
169,US11501279B2,Appointment and payment handling,"An appointment and payment handling system may operate to handle payments for appointments based on user locations at times associated with appointments. The appointment and payment handling system may determine if a location of a customer device associated with a customer associated with an appointment matches a location associated with the appointment. If the locations match, the appointment and payment handling system may create a payment record for a payment to the merchant from the customer based on the determination that the customer location matches the location associated with the appointment.",,,,
170,US11354287B2,Local orthogonal decomposition for maximum inner product search,"Techniques of indexing a database and processing a query involve decomposing the residual term according to a projection matrix that is based on a given direction v. For example, for each database element of a partition, the residual for that database element is split into a component parallel to a given direction and a component perpendicular to that direction. The parallel component lies in a one-dimensional subspace spanned by the direction and may be efficiently quantized with a scalar quantization. The perpendicular component is quantized using multiscale quantization techniques. The quantized residual components and the center elements of each partition define the indexed database. Upon receipt of a query from a user, the inner products of q with the residual may be computed efficiently using the quantized residual components. From these inner products, the database elements that are most similar to the query are selected and returned to the user.",,,,
171,US10692504B2,User profiling for voice input processing,"This is directed to processing voice inputs received by an electronic device, and more specifically to receiving a voice input and identifying the user providing the voice input. The voice input can be processed using a subset of words from a library used to identify the words or phrases of the voice input. The subset can be selected such that voice inputs provided by the user are more likely to include words from the subset. The subset of the library can be selected using any suitable approach, including based on the user's interests and words that relate to those interests. For example, the subset can include one or more words related to media items selected by the user for storage on the electronic device, names of the user's contacts, applications or processes used by the user, or any other words relating to the user's interactions with the device.",,,,
172,US11238233B2,Artificial intelligence engine for generating semantic directions for websites for automated entity targeting to mapped identities,"A method and system for employing a Language Processing machine learning Artificial Intelligence engine to employ word embeddings and term frequency-inverse document frequency to create numerical representations of document meaning in a high-dimensional semantic space or an overall semantic direction. This semantic direction can be used to quantitatively measure semantic similarity between online content consumed by a potential prospect and a given product or product family. The AI can automate the process of creating audiences for on-line marketplaces for programmatic advertising purposes by using representative product descriptions, such as a grouping of product descriptions for scalable, cloud-based databases, and then creating a hyper-focused intent-based audience based on companies that are showing a significant increase in intent.",,,,
173,US11494613B2,Fusing output of artificial intelligence networks,"Fusion of trained artificial intelligence (AI) neural networks to produce more accurate classifications is disclosed. Concatenation from each network being merged may be performed. The new set of features, which includes the concatenated layers, is then fed through a new classifier to form a single final classifier that uses the best parts of each input classifier.",,,,
174,US10685189B2,System and method for coupled detection of syntax and semantics for natural language understanding and generation,"A method includes performing, with at least one processing device, natural language generation using both (i) a semantic word and clause representation generated from syntactically-labeled context and (ii) a syntax generated from common semantic relations between sequential words and clauses. Performing the natural language generation includes pushing words onto a stack based on the semantic word and clause representation and based on words and clauses already on the stack and popping the words and clauses off the stack to be replaced by clauses based on the syntax. Pushing the words onto the stack could be based only on components of the semantic word and clause representation coming from future context.",,,,
175,US11386369B2,Multi-attribute evaluation of narratives using event datasets,"Techniques for multi-attribute evaluation of narratives are provided. Inputs are obtained representing: (i) at least one historical dataset of events; (ii) a set of candidate narratives, wherein each candidate narrative is a potential future event sequence; and (iii) a query, wherein the query comprises one or more events of interest to a user. Attribute scores are computed for at least a subset of the candidate narratives based on at least a portion of the obtained input. One of the attribute scores comprises a plausibility attribute score representing a measure estimating the likelihood that a given candidate narrative will occur in the future. Another one of the attribute scores comprises a surprise attribute score representing a measure estimating how surprising a given candidate narrative will be to the user.",,,,
176,US10963273B2,Generating personalized content summaries for users,"In one embodiment, a method includes receiving a user request for a summarization of a particular type of content objects from a client system associated with a first user, determining one or more modalities associated with the user request, selecting a plurality of content objects of the particular type based on a user profile of the first user, wherein the user profile comprises one or more confidence scores associated with one or more subjects associated with the first user, respectively, and wherein the plurality of content objects are selected based on the one or more confidence scores, generating a summary of each content object based on the user profile and the determined modalities, and sending, to the client system in response to the user request, instructions for presenting the summaries of the plurality of content objects, wherein the summaries are presented via one or more of the determined modalities.",,,,
177,US10095692B2, Template bootstrapping for domain-adaptable natural language generation," The present invention relates to a system and method for bootstrapping templates for use in natural language sentence generation. More specifically, the present invention relates to identifying a set of candidate sentences from a large corpus based on a set of original templates by using a &hellip;",,,,
178,US10169656B2, Video system using dual stage attention based recurrent neural network for &hellip;," Systems and devices including an imaging sensor to capture video sequences in an environment having safety concerns therein. The systems and devices further including a processor to generate driving series based on observations from the video sequences, and generate predictions of future events &hellip;",,,,
179,US10592505B2,Natural language interfaces for databases using autonomous agents and thesauri,"An aspect of the present disclosure relate to translating natural language queries into native database queries. For example, a database application receives a natural language query from a user, divides the query into clauses, determines keywords from the clauses, and maps keywords in the query to native query that can query a database. In the case that the natural language query includes keywords that are not mapped, the application resolves an ambiguity by communicating with a user device. In the case that a keyword cannot be mapped, the application can map the keyword to a custom index that includes synonyms derived using pair-wise generalization or other techniques. Once all keywords are mapped, the database application generates a native database query and obtains results from a database.",,,,
180,US11341330B1,Applied artificial intelligence technology for adaptive natural language understanding with term discovery,"Disclosed herein is computer technology that provides adaptive mechanisms for learning concepts that are expressed by natural language sentences, and then applies this learning to appropriately classify new natural language sentences with the relevant concept that they express. The computer technology can also discover the uniqueness of terms within a training corpus, and sufficiently unique terms can be flagged for the user for possible updates to an ontology for the system.",,,,
181,US10097899B2, Systems and methods for searching media content," Systems and methods are described for searching media files using a set-top box (STB), a television receiver, digital video recorder (DVR), placeshifting device or other media device, or any type of network host that communicates with a media device of any sort. Search criteria is received from a &hellip;",,,,
182,US10198437B2,Machine translation device and machine translation method in which a syntax conversion model and a word translation model are combined,"The present invention relates to statistical machine translation, and provides a machine translation device and a machine translation method that acquire a creation probability for a target language from a single corpus while extracting respective conversion probabilities by extracting syntax conversion knowledge and word translation knowledge from a parallel corpus, model a weighted translation model by allowing each of the conversion knowledge and each of the probabilities to learn using a translation model learning device, and generate a target sentence through decoding processes of a syntax converter and a word translator by applying the translation model to a source sentence input in real time, thereby resolving disadvantages of the existing phrase-based SMT and syntax-based SMT and combining advantages thereof.",,,,
183,US11194998B2,Multi-user intelligent assistance,"An intelligent assistant records speech spoken by a first user and determines a self-selection score for the first user. The intelligent assistant sends the self-selection score to another intelligent assistant, and receives a remote-selection score for the first user from the other intelligent assistant. The intelligent assistant compares the self-selection score to the remote-selection score. If the self-selection score is greater than the remote-selection score, the intelligent assistant responds to the first user and blocks subsequent responses to all other users until a disengagement metric of the first user exceeds a blocking threshold. If the self-selection score is less than the remote-selection score, the intelligent assistant does not respond to the first user.",,,,
184,US10614171B2,Systems and methods for multi-user multi-lingual communications,"Various embodiments described herein facilitate multi-lingual communications. The systems and methods of some embodiments enable multi-lingual communications through different modes of communication including, for example, Internet-based chat, e-mail, text-based mobile phone communications, postings to online forums, postings to online social media services, and the like. Certain embodiments implement communication systems and methods that translate text between two or more languages. Users of the systems and methods may be incentivized to submit corrections for inaccurate or erroneous translations, and may receive a reward for these submissions. Systems and methods for assessing the accuracy of translations are described.",,,,
185,US10572603B2,Sequence transduction neural networks,"Methods, systems, and apparatus, including computer programs encoded on a computer storage medium, for generating a target sequence from an input sequence. In one aspect, a method comprises maintaining a set of current hypotheses, wherein each current hypothesis comprises an input prefix and an output prefix. For each possible combination of input and output prefix length, the method extends any current hypothesis that could reach the possible combination to generate respective extended hypotheses for each such current hypothesis; determines a respective direct score for each extended hypothesis using a direct model; determines a first number of highest-scoring hypotheses according to the direct scores; rescores the first number of highest-scoring hypotheses using a noisy channel model to generate a reduced number of hypotheses; and adds the reduced number of hypotheses to the set of current hypotheses.",,,,
186,US10997514B1,Systems and methods for automatic individual misconception remediation,Systems and methods for content selection with first and second recommendation engines are disclosed herein. The system can include a memory include a content library database and a model database. The system can include a user device having a first network interface and a first I/O subsystem. The system can include one or more servers that can include a packet selection system and a presentation system. These one or more servers can: receive response data from the user device; provide received response data to a first recommendation engine; alert a second recommendation engine when a selected next node is a placeholder node; retrieve at least one statistical model relevant to selection of next node content; and select next node content based on an output of the at least one statistical model.,,,,
187,US10956239B1,Utilizing source context and classification in a copy operation,"Aspects of the present invention disclose a method, computer program product, and system for augmenting a copy operation with contextual information from a source. The method includes one or more processors determining that a user provides input selecting content, within a document, and input adding the selected content to a clipboard. The method further includes one or more processors determining a classification of the selected content based on analyzing the selected content and the document utilizing Natural Language Processing (NLP). The method further includes one or more processors extracting information associated with the selected content from the document based on the determined classification. The method further includes one or more processors updating the clipboard with the selected content and the extracted information.",,,,
188,US11200895B2,Interaction with a portion of a content item through a virtual assistant,"Techniques for interacting with a portion of a content item through a virtual assistant are described herein. The techniques may include identifying a portion of a content item that is relevant to user input and causing an action to be performed related to the portion of the content item. The action may include, for example, displaying the portion of the content item on a smart device in a displayable format that is adapted to a display characteristic of the smart device, performing a task for a user that satisfies the user input, and so on.",,,,
189,US11361242B2,Generating recommendations using a deep-learning model,"In one embodiment, an embedding is determined for each entity in a set of entities that is selected from a plurality of entities. Each embedding corresponds to a point in an embedding space, which includes points corresponding to embeddings of entities. The embeddings of the entities are determined using a deep-learning model. Embeddings are determined for each entity attribute in a set of entity attributes. Each of the entity attributes in the set is of an entity-attribute type and is associated with at least one entity. The entity-attribute embeddings are refined using the deep-learning model. The embeddings of the entities in the set of entities are modified based on the entity-attribute embeddings that are associated with the respective entity to obtain updated embeddings for each entity in the set. The updated embeddings include information regarding the entity attributes that are associated with the respective entities.",,,,
190,US10769383B2,"Cluster-based word vector processing method, device, and apparatus","Embodiments of the present application disclose a cluster-based word vector processing method, apparatus, and device. Solutions are include: in a cluster having a server cluster and a worker computer cluster, in which each worker computer in the worker computer cluster separately reads some corpuses in parallel, extracts a word and context words of the word from the read corpuses, obtains corresponding word vectors from a server in the server cluster, and trains the corresponding word vectors, and the server cluster updates word vectors of same words that are stored before the training according to training results of one or more respective worker computers with respect to the word vectors of the same words.",,,,
191,US11586877B2,Systems using hash keys to preserve privacy across multiple tasks,"A system for using hash keys to preserve privacy across multiple tasks is disclosed. The system may provide training batch(es) of input observations each having a customer request and stored task to an encoder, and assign a hash key(s) to each of the stored tasks. The system may provide a new batch of input observations with a new customer request and new task to the encoder. The encoder may generate a new hash key assigned to the new customer request and determine whether any existing hash key corresponds with the new hash key. If so, the system may associate the new batch of input observations with the corresponding hash key and update the corresponding hash key such that it is also configured to provide access to the new batch of input observations. If not, the system may generate a new stored task and assign the new hash key to it.",,,,
192,US11580764B2,Self-supervised document-to-document similarity system,"Examples provide a self-supervised language model for document-to-document similarity scoring and ranking long documents of arbitrary length in an absence of similarity labels. In a first stage of a two-staged hierarchical scoring, a sentence similarity matrix is created for each paragraph in the candidate document. A sentence similarity score is calculated based on the sentence similarity matrix. In the second stage, a paragraph similarity matrix is constructed based on aggregated sentence similarity scores associated with the first candidate document. A total similarity score for the document is calculated based on the normalize the paragraph similarity matrix for each candidate document in a collection of documents. The model is trained using a masked language model and intra-and-inter document sampling. The documents are ranked based on the similarity scores for the documents.",,,,
193,US11403531B2,Factorized variational autoencoders,"The disclosure provides an approach for learning latent representations of data using factorized variational autoencoders (FVAEs). The FVAE framework builds a hierarchical Bayesian matrix factorization model on top of a variational autoencoder (VAE) by learning a VAE that has a factorized representation so as to compress the embedding space and enhance generalization and interpretability. In one embodiment, an FVAE application takes as input training data comprising observations of objects, and the FVAE application learns a latent representation of such data. In order to learn the latent representation, the FVAE application is configured to use a probabilistic VAE to jointly learn a latent representation of each of the objects and a corresponding factorization across time and identity.",,,,
194,US10884769B2,Photo-editing application recommendations,"Photo-editing application recommendations are described. A language modeling system generates a photo-editing language model based on application usage data collected from existing users of a photo-editing application. The language modeling system generates the model by applying natural language processing to words that are selected to represent photo-editing actions described by the application usage data. The natural language processing involves partitioning contiguous sequences of the words into sentences of the modeled photo-editing language and partitioning contiguous sequences of the sentences into paragraphs of the modeled photo-editing language. The language modeling system deploys the photo-editing language model for incorporation with the photo-editing application. The photo-editing application uses the model to determine a current workflow in real-time as input is received to edit digital photographs, and recommends tools for carrying out the current workflow.",,,,
195,US11443120B2,Multimodal entity and coreference resolution for assistant systems,"In one embodiment, a method includes accessing visual data from a client system associated with a user, wherein the visual data comprises images portraying one or more objects, receiving, from the client system, a user request, wherein the user request comprises a coreference to a target object, resolving the coreference to the target object from among the one or more objects, resolving the target object to a specific entity, and sending, to the client system, instructions for providing a response to the user request, wherein the response comprises attribute information about the specific entity.",,,,
196,US10579729B2,"Methods and system for fast, adaptive correction of misspells","Embodiments are directed to a spellcheck module for an enterprise search engine. The spellcheck module includes a candidate suggestion generation module that generates a number of candidate words that may be the correction of the misspelled word. The candidate suggestion generation module implements an algorithm for indexing, searching, and storing terms from an index with a constrained edit distance, using words in a collection of documents. The spellcheck module further includes a candidate suggestion ranking module. In one embodiment, a non-contextual approach using a linear combination of distance and probability scores is utilized; while in another embodiment, a context sensitive approach accounting for real-word misspells and adopting deep learning models is utilized. In use, a query is provided to the spellcheck module to generate results in the form of a ranked list of generated candidate entries that may be an entry a user accidentally misspelled.",,,,
197,US10062032B2, Question resolution processing in deep question answering systems," System, method, and computer program product for performing an operation, the operation comprising receiving, by a deep question answering system, a question not specifying an element of input data, identifying a set of possible values for the element of input data, generating, by the deep &hellip;",,,,
198,US10776334B2,"Random walking and cluster-based random walking method, apparatus and device","Embodiments of the present specification disclose random walking and a cluster-based random walking method, apparatus and device. A solution includes: obtaining information about each node included in graph data, generating, according to the information about each node, an index vector reflecting a degree value of a respective node, then generating an element vector reflecting an identifier of an adjacent node of the node, and generating a random sequence according to the index vector and the element vector, to implement random walks in the graph data. The solution is applicable to clusters and individual machines.",,,,
199,US11253778B2,Providing content,The present disclosure provides method and apparatus for providing content in an electrical game. Current interface information of the electrical game may be obtained. Content associated with the electrical game may be provided in a chat flow based on at least the current interface information.,,,,
200,US11036935B2,"Argument structure extension device, argument structure extension method, program, and data structure",An argumentation structure can be automatically extended.,,,,
